paragraph_num,start_char,end_char,surface_form,index_name
75,0,16,GIOVANNI CIMABUE,"Cimabue, Giovanni"
76,8,24,GIOVANNI CIMABUE,"Cimabue, Giovanni"
76,423,431,Giovanni,"Cimabue, Giovanni"
76,442,449,Cimabue,"Cimabue, Giovanni"
76,491,498,Cimabue,"Cimabue, Giovanni"
76,784,791,Cimabue,"Cimabue, Giovanni"
76,1523,1530,Cimabue,"Cimabue, Giovanni"
77,8,24,GIOVANNI CIMABUE,"Cimabue, Giovanni"
77,614,633,Alesso Baldovinetti,Alesso Baldovinetti
78,8,24,GIOVANNI CIMABUE,"Cimabue, Giovanni"
79,8,24,GIOVANNI CIMABUE,"Cimabue, Giovanni"
79,26,33,Cimabue,"Cimabue, Giovanni"
79,712,719,Cimabue,"Cimabue, Giovanni"
80,8,24,GIOVANNI CIMABUE,"Cimabue, Giovanni"
80,70,77,Cimabue,"Cimabue, Giovanni"
80,1229,1236,Cimabue,"Cimabue, Giovanni"
80,2969,2976,Cimabue,"Cimabue, Giovanni"
80,3217,3225,Giovanni,"Cimabue, Giovanni"
80,3510,3516,Giotto,Giotto
81,8,24,GIOVANNI CIMABUE,"Cimabue, Giovanni"
81,62,69,Cimabue,"Cimabue, Giovanni"
81,1070,1077,Cimabue,"Cimabue, Giovanni"
81,1257,1264,Cimabue,"Cimabue, Giovanni"
81,1508,1515,Cimabue,"Cimabue, Giovanni"
82,8,24,GIOVANNI CIMABUE,"Cimabue, Giovanni"
82,239,246,Cimabue,"Cimabue, Giovanni"
82,815,822,Cimabue,"Cimabue, Giovanni"
83,8,24,GIOVANNI CIMABUE,"Cimabue, Giovanni"
83,64,71,Cimabue,"Cimabue, Giovanni"
83,178,190,Arnolfo Lapi,"Arnolfo di Lapo (Arnolfo Lapo, Arnolfo Lapi)"
83,456,462,Giotto,Giotto
83,511,517,Giotto,Giotto
83,531,538,Cimabue,"Cimabue, Giovanni"
83,591,598,Cimabue,"Cimabue, Giovanni"
84,8,24,GIOVANNI CIMABUE,"Cimabue, Giovanni"
85,8,24,GIOVANNI CIMABUE,"Cimabue, Giovanni"
85,81,88,Cimabue,"Cimabue, Giovanni"
85,136,142,Giotto,Giotto
86,8,24,GIOVANNI CIMABUE,"Cimabue, Giovanni"
87,8,24,GIOVANNI CIMABUE,"Cimabue, Giovanni"
87,109,115,Giotto,Giotto
87,244,251,Cimabue,"Cimabue, Giovanni"
87,277,284,Cimabue,"Cimabue, Giovanni"
87,764,770,Giotto,Giotto
88,8,24,GIOVANNI CIMABUE,"Cimabue, Giovanni"
88,43,50,Cimabue,"Cimabue, Giovanni"
88,187,194,Cimabue,"Cimabue, Giovanni"
88,274,280,Giotto,Giotto
89,8,24,GIOVANNI CIMABUE,"Cimabue, Giovanni"
89,42,49,Cimabue,"Cimabue, Giovanni"
89,694,701,Cimabue,"Cimabue, Giovanni"
93,54,61,Arnolfo,"Arnolfo di Lapo (Arnolfo Lapo, Arnolfo Lapi)"
93,501,508,Arnolfo,"Arnolfo di Lapo (Arnolfo Lapo, Arnolfo Lapi)"
93,780,787,Arnolfo,"Arnolfo di Lapo (Arnolfo Lapo, Arnolfo Lapi)"
94,8,23,ARNOLFO DI LAPO,"Arnolfo di Lapo (Arnolfo Lapo, Arnolfo Lapi)"
95,974,979,Buono,Buono
95,2314,2319,Buono,Buono
96,641,648,Bonanno,Bonanno
99,608,626,Marchionne Aretino,"Aretino, Marchionne"
99,750,760,Marchionne,"Aretino, Marchionne"
99,2195,2205,Marchionne,"Aretino, Marchionne"
100,362,372,Marchionne,"Aretino, Marchionne"
102,8,23,ARNOLFO DI LAPO,"Arnolfo di Lapo (Arnolfo Lapo, Arnolfo Lapi)"
102,399,405,Jacopo,Jacopo Tedesco (Lapo)
102,399,405,Jacopo,"Tedesco, Jacopo (Lapo)"
102,410,414,Lapo,Jacopo Tedesco (Lapo)
102,410,414,Lapo,"Tedesco, Jacopo (Lapo)"
102,1438,1446,Giovanni,"Cimabue, Giovanni"
102,1926,1933,Arnolfo,"Arnolfo di Lapo (Arnolfo Lapo, Arnolfo Lapi)"
103,8,23,ARNOLFO DI LAPO,"Arnolfo di Lapo (Arnolfo Lapo, Arnolfo Lapi)"
103,30,37,Arnolfo,"Arnolfo di Lapo (Arnolfo Lapo, Arnolfo Lapi)"
103,134,141,Cimabue,"Cimabue, Giovanni"
103,369,376,Cimabue,"Cimabue, Giovanni"
104,8,23,ARNOLFO DI LAPO,"Arnolfo di Lapo (Arnolfo Lapo, Arnolfo Lapi)"
104,203,210,Arnolfo,"Arnolfo di Lapo (Arnolfo Lapo, Arnolfo Lapi)"
104,1507,1514,Arnolfo,"Arnolfo di Lapo (Arnolfo Lapo, Arnolfo Lapi)"
105,8,23,ARNOLFO DI LAPO,"Arnolfo di Lapo (Arnolfo Lapo, Arnolfo Lapi)"
105,321,328,Arnolfo,"Arnolfo di Lapo (Arnolfo Lapo, Arnolfo Lapi)"
105,1294,1320,Filippo di Ser Brunellesco,"Brunelleschi, Filippo (Filippo di Ser Brunellesco)"
105,2488,2495,Arnolfo,"Arnolfo di Lapo (Arnolfo Lapo, Arnolfo Lapi)"
105,2934,2941,Arnolfo,"Arnolfo di Lapo (Arnolfo Lapo, Arnolfo Lapi)"
105,2958,2984,Filippo di Ser Brunellesco,"Brunelleschi, Filippo (Filippo di Ser Brunellesco)"
106,8,23,ARNOLFO DI LAPO,"Arnolfo di Lapo (Arnolfo Lapo, Arnolfo Lapi)"
106,42,49,Arnolfo,"Arnolfo di Lapo (Arnolfo Lapo, Arnolfo Lapi)"
106,1009,1016,Arnolfo,"Arnolfo di Lapo (Arnolfo Lapo, Arnolfo Lapi)"
106,2086,2100,Giorgio Vasari,"Vasari, Giorgio"
106,2147,2154,Arnolfo,"Arnolfo di Lapo (Arnolfo Lapo, Arnolfo Lapi)"
107,8,23,ARNOLFO DI LAPO,"Arnolfo di Lapo (Arnolfo Lapo, Arnolfo Lapi)"
107,66,73,Arnolfo,"Arnolfo di Lapo (Arnolfo Lapo, Arnolfo Lapi)"
108,8,23,ARNOLFO DI LAPO,"Arnolfo di Lapo (Arnolfo Lapo, Arnolfo Lapi)"
109,8,23,ARNOLFO DI LAPO,"Arnolfo di Lapo (Arnolfo Lapo, Arnolfo Lapi)"
109,411,418,Arnolfo,"Arnolfo di Lapo (Arnolfo Lapo, Arnolfo Lapi)"
109,855,862,Arnolfo,"Arnolfo di Lapo (Arnolfo Lapo, Arnolfo Lapi)"
109,1002,1028,Filippo di Ser Brunellesco,"Brunelleschi, Filippo (Filippo di Ser Brunellesco)"
109,1389,1396,Arnolfo,"Arnolfo di Lapo (Arnolfo Lapo, Arnolfo Lapi)"
111,8,23,ARNOLFO DI LAPO,"Arnolfo di Lapo (Arnolfo Lapo, Arnolfo Lapi)"
112,1,15,NICCOLA PISANO,Niccola Pisano
112,20,35,GIOVANNI PISANO,Giovanni Pisano
112,136,151,Arnolfo di Lapo,"Arnolfo di Lapo (Arnolfo Lapo, Arnolfo Lapi)"
112,176,183,Niccola,Niccola Pisano
112,188,196,Giovanni,"Cimabue, Giovanni"
112,188,196,Giovanni,Giovanni Pisano
113,1,15,NICCOLA PISANO,Niccola Pisano
113,20,35,GIOVANNI PISANO,Giovanni Pisano
113,38,52,Niccola Pisano,Niccola Pisano
113,206,214,Giovanni,"Cimabue, Giovanni"
113,206,214,Giovanni,Giovanni Pisano
115,1,15,NICCOLA PISANO,Niccola Pisano
116,1,15,NICCOLA PISANO,Niccola Pisano
118,1,15,NICCOLA PISANO,Niccola Pisano
118,38,45,Niccola,Niccola Pisano
118,415,421,Fuccio,Fuccio
118,871,878,Niccola,Niccola Pisano
118,945,951,Fuccio,Fuccio
118,1557,1564,Niccola,Niccola Pisano
118,1599,1605,Fuccio,Fuccio
118,2192,2199,Niccola,Niccola Pisano
118,2850,2857,Niccola,Niccola Pisano
118,3126,3140,Giorgio Vasari,"Vasari, Giorgio"
118,3281,3288,Niccola,Niccola Pisano
118,4853,4861,Bramante,Bramante da Urbino
118,4915,4935,Antonio da San Gallo,Antonio da San Gallo
119,1,15,NICCOLA PISANO,Niccola Pisano
119,55,62,Niccola,Niccola Pisano
119,665,672,Niccola,Niccola Pisano
120,1,15,NICCOLA PISANO,Niccola Pisano
120,38,45,Niccola,Niccola Pisano
120,1006,1013,Niccola,Niccola Pisano
120,1526,1533,Arnolfo,"Arnolfo di Lapo (Arnolfo Lapo, Arnolfo Lapi)"
120,1538,1545,Niccola,Niccola Pisano
121,1,15,NICCOLA PISANO,Niccola Pisano
121,80,87,Niccola,Niccola Pisano
121,682,689,Niccola,Niccola Pisano
121,1132,1139,Niccola,Niccola Pisano
121,1552,1560,Maglione,Maglione
121,1784,1791,Niccola,Niccola Pisano
122,1,15,NICCOLA PISANO,Niccola Pisano
122,38,45,Niccola,Niccola Pisano
123,1,15,NICCOLA PISANO,Niccola Pisano
124,1,15,NICCOLA PISANO,Niccola Pisano
124,20,35,GIOVANNI PISANO,Giovanni Pisano
124,166,173,Niccola,Niccola Pisano
124,294,301,Niccola,Niccola Pisano
124,480,487,Niccola,Niccola Pisano
125,1,15,NICCOLA PISANO,Niccola Pisano
125,20,35,GIOVANNI PISANO,Giovanni Pisano
125,61,68,Niccola,Niccola Pisano
125,698,705,Niccola,Niccola Pisano
125,788,795,Niccola,Niccola Pisano
126,1,15,NICCOLA PISANO,Niccola Pisano
126,20,35,GIOVANNI PISANO,Giovanni Pisano
126,38,45,Niccola,Niccola Pisano
126,78,86,Giovanni,Giovanni Pisano
126,290,297,Niccola,Niccola Pisano
126,475,483,Giovanni,Giovanni Pisano
126,1024,1039,Giovanni Pisano,Giovanni Pisano
126,1559,1567,Giovanni,Giovanni Pisano
126,1781,1796,Vincenzio Danti,"Danti, Vincenzio"
127,1,15,NICCOLA PISANO,Niccola Pisano
127,20,35,GIOVANNI PISANO,Giovanni Pisano
127,58,66,Giovanni,Giovanni Pisano
127,430,437,Niccola,Niccola Pisano
127,592,599,Niccola,Niccola Pisano
127,621,629,Giovanni,Giovanni Pisano
127,895,903,Giovanni,Giovanni Pisano
127,1206,1213,Niccola,Niccola Pisano
128,1,15,NICCOLA PISANO,Niccola Pisano
128,20,35,GIOVANNI PISANO,Giovanni Pisano
128,280,288,Giovanni,Giovanni Pisano
129,1,15,NICCOLA PISANO,Niccola Pisano
129,20,35,GIOVANNI PISANO,Giovanni Pisano
130,20,35,GIOVANNI PISANO,Giovanni Pisano
130,82,90,Giovanni,Giovanni Pisano
130,532,540,Giovanni,Giovanni Pisano
130,899,910,Margaritone,Margaritone
130,933,941,Giovanni,Giovanni Pisano
130,2943,2951,Giovanni,Giovanni Pisano
130,3251,3265,Giorgio Vasari,"Vasari, Giorgio"
131,20,35,GIOVANNI PISANO,Giovanni Pisano
131,38,53,Giovanni Pisano,Giovanni Pisano
131,280,288,Giovanni,Giovanni Pisano
131,829,837,Giovanni,Giovanni Pisano
131,878,886,Agostino,Agostino (of Siena)
131,891,897,Agnolo,Agnolo (of Siena)
131,1022,1030,Giovanni,Giovanni Pisano
131,1137,1144,Arnolfo,"Arnolfo di Lapo (Arnolfo Lapo, Arnolfo Lapi)"
131,1177,1183,Giotto,Giotto
131,1549,1557,Giovanni,Giovanni Pisano
132,1,15,NICCOLA PISANO,Niccola Pisano
132,20,35,GIOVANNI PISANO,Giovanni Pisano
132,248,255,Niccola,Niccola Pisano
132,520,527,Niccola,Niccola Pisano
132,539,547,Giovanni,Giovanni Pisano
132,630,638,Giovanni,Giovanni Pisano
132,927,935,Giovanni,Giovanni Pisano
133,1,15,NICCOLA PISANO,Niccola Pisano
133,20,35,GIOVANNI PISANO,Giovanni Pisano
134,1,15,NICCOLA PISANO,Niccola Pisano
134,20,35,GIOVANNI PISANO,Giovanni Pisano
134,55,63,Giovanni,Giovanni Pisano
135,1,15,NICCOLA PISANO,Niccola Pisano
135,20,35,GIOVANNI PISANO,Giovanni Pisano
135,113,121,Giovanni,Giovanni Pisano
136,20,35,GIOVANNI PISANO,Giovanni Pisano
136,38,46,Giovanni,Giovanni Pisano
137,20,35,GIOVANNI PISANO,Giovanni Pisano
138,20,35,GIOVANNI PISANO,Giovanni Pisano
138,216,224,Giovanni,Giovanni Pisano
138,436,444,Giovanni,Giovanni Pisano
139,20,35,GIOVANNI PISANO,Giovanni Pisano
140,20,35,GIOVANNI PISANO,Giovanni Pisano
140,149,157,Giovanni,Giovanni Pisano
141,20,35,GIOVANNI PISANO,Giovanni Pisano
142,20,35,GIOVANNI PISANO,Giovanni Pisano
143,20,35,GIOVANNI PISANO,Giovanni Pisano
144,20,35,GIOVANNI PISANO,Giovanni Pisano
145,20,35,GIOVANNI PISANO,Giovanni Pisano
146,20,35,GIOVANNI PISANO,Giovanni Pisano
147,20,35,GIOVANNI PISANO,Giovanni Pisano
148,1,15,NICCOLA PISANO,Niccola Pisano
148,20,35,GIOVANNI PISANO,Giovanni Pisano
149,1,15,NICCOLA PISANO,Niccola Pisano
149,20,35,GIOVANNI PISANO,Giovanni Pisano
149,815,823,Giovanni,Giovanni Pisano
149,1188,1196,Giovanni,Giovanni Pisano
149,1387,1394,Niccola,Niccola Pisano
149,1576,1584,Giovanni,Giovanni Pisano
149,1675,1682,Niccola,Niccola Pisano
149,1723,1731,Giovanni,Giovanni Pisano
149,1781,1785,Lino,Lino
150,1,15,NICCOLA PISANO,Niccola Pisano
150,20,35,GIOVANNI PISANO,Giovanni Pisano
150,65,72,Niccola,Niccola Pisano
150,77,85,Giovanni,Giovanni Pisano
155,8,19,ANDREA TAFI,Andrea Tafi
155,260,271,Andrea Tafi,Andrea Tafi
155,1165,1171,Andrea,Andrea Tafi
155,2034,2060,Filippo di Ser Brunellesco,"Brunelleschi, Filippo (Filippo di Ser Brunellesco)"
155,2065,2074,Donatello,Donato (Donatello)
155,3323,3336,Guido da Como,"Como, Guido da"
156,8,19,ANDREA TAFI,Andrea Tafi
157,8,19,ANDREA TAFI,Andrea Tafi
158,8,19,ANDREA TAFI,Andrea Tafi
158,21,32,Andrea Tafi,Andrea Tafi
158,1865,1871,Andrea,Andrea Tafi
158,2217,2223,Andrea,Andrea Tafi
158,2405,2426,Fra Jacopo da Turrita,Fra Jacopo da Turrita
158,2405,2426,Fra Jacopo da Turrita,"Turrita, Fra Jacopo da"
158,2556,2564,Giovanni,"Cimabue, Giovanni"
158,2993,3004,Andrea Tafi,Andrea Tafi
158,3012,3023,Gaddo Gaddi,"Gaddi, Gaddo"
158,3177,3183,Vicino,Vicino
159,8,19,ANDREA TAFI,Andrea Tafi
159,179,185,Andrea,Andrea Tafi
159,190,197,Cimabue,"Cimabue, Giovanni"
159,336,343,Cimabue,"Cimabue, Giovanni"
159,356,362,Giotto,Giotto
160,8,19,ANDREA TAFI,Andrea Tafi
160,21,27,Andrea,Andrea Tafi
160,68,75,Cimabue,"Cimabue, Giovanni"
160,290,301,Gaddo Gaddi,"Gaddi, Gaddo"
160,303,309,Giotto,Giotto
160,455,461,Andrea,Andrea Tafi
161,8,19,ANDREA TAFI,Andrea Tafi
162,8,19,ANDREA TAFI,Andrea Tafi
162,35,41,Andrea,Andrea Tafi
162,46,67,Buonamico Buffalmacco,"Buffalmacco, Buonamico"
163,8,19,ANDREA TAFI,Andrea Tafi
163,43,54,Andrea Tafi,Andrea Tafi
163,444,450,Giotto,Giotto
163,511,517,Giotto,Giotto
163,791,802,Andrea Tafi,Andrea Tafi
166,8,19,ANDREA TAFI,Andrea Tafi
167,8,19,GADDO GADDI,"Gaddi, Gaddo"
167,21,26,Gaddo,"Gaddi, Gaddo"
167,144,155,Andrea Tafi,Andrea Tafi
167,289,296,Cimabue,"Cimabue, Giovanni"
167,1777,1782,Gaddo,"Gaddi, Gaddo"
167,1787,1794,Cimabue,"Cimabue, Giovanni"
167,1815,1826,Andrea Tafi,Andrea Tafi
167,1831,1836,Gaddo,"Gaddi, Gaddo"
167,1855,1861,Andrea,Andrea Tafi
167,1925,1933,Giovanni,"Cimabue, Giovanni"
167,1946,1951,Gaddo,"Gaddi, Gaddo"
167,2344,2351,Cimabue,"Cimabue, Giovanni"
168,8,19,GADDO GADDI,"Gaddi, Gaddo"
168,65,70,Gaddo,"Gaddi, Gaddo"
168,278,299,Fra Jacopo da Turrita,Fra Jacopo da Turrita
168,278,299,Fra Jacopo da Turrita,"Turrita, Fra Jacopo da"
169,8,19,GADDO GADDI,"Gaddi, Gaddo"
169,460,465,Gaddo,"Gaddi, Gaddo"
169,839,844,Gaddo,"Gaddi, Gaddo"
169,1251,1262,Gaddo Gaddi,"Gaddi, Gaddo"
170,8,19,GADDO GADDI,"Gaddi, Gaddo"
170,467,472,Gaddo,"Gaddi, Gaddo"
171,8,19,GADDO GADDI,"Gaddi, Gaddo"
171,21,26,Gaddo,"Gaddi, Gaddo"
171,127,133,Taddeo,"Gaddi, Taddeo"
171,167,173,Taddeo,"Gaddi, Taddeo"
171,350,355,Gaddo,"Gaddi, Gaddo"
171,365,371,Taddeo,"Gaddi, Taddeo"
171,385,391,Vicino,Vicino
173,8,19,GADDO GADDI,"Gaddi, Gaddo"
173,109,114,Gaddo,"Gaddi, Gaddo"
173,138,144,Taddeo,"Gaddi, Taddeo"
173,191,202,Andrea Tafi,Andrea Tafi
173,264,269,Gaddo,"Gaddi, Gaddo"
173,303,310,Cimabue,"Cimabue, Giovanni"
174,907,915,Giovanni,"Giovanni, Fra"
174,1750,1762,Fra Giovanni,"Giovanni, Fra"
174,1782,1802,Fra Ristoro da Campi,"Campi, Fra Ristoro da"
180,8,19,MARGARITONE,Margaritone
180,433,444,Margaritone,Margaritone
181,8,19,MARGARITONE,Margaritone
181,588,595,Arnolfo,"Arnolfo di Lapo (Arnolfo Lapo, Arnolfo Lapi)"
181,1156,1167,Margaritone,Margaritone
181,1681,1685,Lapo,Jacopo Tedesco (Lapo)
181,1681,1685,Lapo,"Tedesco, Jacopo (Lapo)"
182,8,19,MARGARITONE,Margaritone
183,8,19,MARGARITONE,Margaritone
183,756,767,Margaritone,Margaritone
183,1823,1834,Margaritone,Margaritone
185,65,73,Spinello,"Aretino, Spinello"
185,65,73,Spinello,"Spinello, Aretino"
189,8,14,GIOTTO,Giotto
189,279,285,Giotto,Giotto
189,727,733,Giotto,Giotto
189,1150,1156,Giotto,Giotto
189,1805,1812,Cimabue,"Cimabue, Giovanni"
189,1891,1897,Giotto,Giotto
189,2110,2117,Cimabue,"Cimabue, Giovanni"
189,2268,2275,Cimabue,"Cimabue, Giovanni"
189,2483,2490,Cimabue,"Cimabue, Giovanni"
189,2932,2938,Giotto,Giotto
189,3162,3168,Giotto,Giotto
189,3289,3295,Giotto,Giotto
190,8,14,GIOTTO,Giotto
190,38,44,Giotto,Giotto
190,439,445,Giotto,Giotto
190,1602,1608,Giotto,Giotto
190,1828,1834,Giotto,Giotto
190,2485,2491,Giotto,Giotto
190,2789,2795,Giotto,Giotto
191,8,14,GIOTTO,Giotto
191,1745,1751,Giotto,Giotto
191,2033,2039,Giotto,Giotto
191,4694,4700,Giotto,Giotto
191,4932,4938,Giotto,Giotto
192,8,14,GIOTTO,Giotto
192,1123,1129,Giotto,Giotto
192,1586,1592,Giotto,Giotto
192,4219,4225,Giotto,Giotto
192,4350,4356,Giotto,Giotto
192,4577,4583,Giotto,Giotto
192,4795,4801,Giotto,Giotto
192,5253,5259,Giotto,Giotto
192,5574,5580,Giotto,Giotto
192,5785,5791,Giotto,Giotto
192,6048,6054,Giotto,Giotto
193,8,14,GIOTTO,Giotto
194,8,14,GIOTTO,Giotto
194,178,184,Giotto,Giotto
194,548,564,Franco Bolognese,"Bolognese, Franco"
196,8,14,GIOTTO,Giotto
196,69,75,Giotto,Giotto
197,8,14,GIOTTO,Giotto
197,322,328,Giotto,Giotto
197,894,906,Taddeo Gaddi,"Gaddi, Taddeo"
197,941,947,Giotto,Giotto
197,1656,1662,Giotto,Giotto
197,3225,3231,Giotto,Giotto
198,8,14,GIOTTO,Giotto
198,28,34,Giotto,Giotto
198,199,205,Giotto,Giotto
198,397,403,Giotto,Giotto
199,8,14,GIOTTO,Giotto
199,41,47,Giotto,Giotto
199,215,221,Giotto,Giotto
199,345,351,Giotto,Giotto
199,615,621,Giotto,Giotto
199,758,764,Giotto,Giotto
199,1163,1169,Giotto,Giotto
199,1263,1269,Giotto,Giotto
199,1529,1535,Giotto,Giotto
200,8,14,GIOTTO,Giotto
200,62,68,Giotto,Giotto
200,285,291,Giotto,Giotto
200,968,974,Giotto,Giotto
201,8,14,GIOTTO,Giotto
201,1604,1610,Giotto,Giotto
201,2021,2027,Giotto,Giotto
202,8,14,GIOTTO,Giotto
202,641,655,Puccio Capanna,"Capanna, Puccio"
203,8,14,GIOTTO,Giotto
203,596,602,Giotto,Giotto
203,935,941,Giotto,Giotto
203,1330,1336,Giotto,Giotto
203,1702,1708,Giotto,Giotto
203,2108,2114,Giotto,Giotto
203,2349,2355,Giotto,Giotto
203,2408,2427,Raffaello da Urbino,"Sanzio, Raffaello (Raffaello da Urbino)"
204,8,14,GIOTTO,Giotto
204,66,72,Giotto,Giotto
204,365,371,Giotto,Giotto
204,561,567,Giotto,Giotto
204,793,816,Michelagnolo Buonarroti,"Buonarroti, Michelagnolo"
204,1286,1292,Giotto,Giotto
205,8,14,GIOTTO,Giotto
205,753,759,Giotto,Giotto
205,1229,1235,Giotto,Giotto
205,1465,1471,Giotto,Giotto
205,2021,2027,Giotto,Giotto
205,2271,2283,Taddeo Gaddi,"Gaddi, Taddeo"
206,8,14,GIOTTO,Giotto
207,8,14,GIOTTO,Giotto
207,1182,1188,Giotto,Giotto
209,8,14,GIOTTO,Giotto
211,8,14,GIOTTO,Giotto
211,16,22,Giotto,Giotto
211,261,267,Giotto,Giotto
212,8,14,GIOTTO,Giotto
212,95,109,Puccio Capanna,"Capanna, Puccio"
212,359,365,Puccio,"Capanna, Puccio"
212,478,484,Giotto,Giotto
212,505,514,Francesco,Francesco (called di Maestro Giotto)
212,1038,1047,Francesco,Francesco (called di Maestro Giotto)
212,1375,1381,Puccio,"Capanna, Puccio"
212,1820,1829,Francesco,Francesco (called di Maestro Giotto)
212,2274,2280,Puccio,"Capanna, Puccio"
212,2342,2348,Giotto,Giotto
212,3245,3251,Giotto,Giotto
212,3525,3531,Giotto,Giotto
213,8,14,GIOTTO,Giotto
213,39,45,Giotto,Giotto
213,78,97,Ottaviano da Faenza,"Faenza, Ottaviano da"
213,272,281,Francesco,Francesco (called di Maestro Giotto)
214,8,14,GIOTTO,Giotto
214,30,36,Giotto,Giotto
215,8,14,GIOTTO,Giotto
215,16,25,Guglielmo,"Forl√¨, Guglielmo da"
215,59,65,Giotto,Giotto
215,192,198,Giotto,Giotto
215,211,225,Pietro Laurati,"Laurati, Pietro (called Lorenzetti)"
215,252,259,Stefano,Stefano
215,279,295,Pietro Cavallini,"Cavallini, Pietro"
215,456,462,Giotto,Giotto
216,8,14,GIOTTO,Giotto
216,16,22,Giotto,Giotto
217,8,14,GIOTTO,Giotto
218,8,14,GIOTTO,Giotto
218,69,75,Giotto,Giotto
218,291,297,Giotto,Giotto
218,373,379,Giotto,Giotto
218,461,467,Giotto,Giotto
218,586,592,Giotto,Giotto
218,638,644,Giotto,Giotto
218,1486,1492,Giotto,Giotto
218,1624,1630,Giotto,Giotto
218,1695,1701,Giotto,Giotto
218,1823,1829,Giotto,Giotto
218,1915,1921,Giotto,Giotto
218,2006,2012,Giotto,Giotto
218,2727,2733,Giotto,Giotto
218,2744,2750,Giotto,Giotto
218,2906,2912,Giotto,Giotto
218,3021,3027,Giotto,Giotto
219,8,14,GIOTTO,Giotto
219,32,38,Giotto,Giotto
219,75,82,Cimabue,"Cimabue, Giovanni"
219,132,139,Cimabue,"Cimabue, Giovanni"
219,372,378,Giotto,Giotto
220,8,14,GIOTTO,Giotto
220,62,68,Giotto,Giotto
220,541,560,Benedetto da Maiano,Benedetto da Maiano
220,842,848,Giotto,Giotto
225,8,16,AGOSTINO,Agostino (of Siena)
225,21,27,AGNOLO,Agnolo (of Siena)
225,107,115,Giovanni,Giovanni Pisano
225,137,145,Agostino,Agostino (of Siena)
225,150,156,Agnolo,Agnolo (of Siena)
225,838,846,Agostino,Agostino (of Siena)
225,851,857,Agnolo,Agnolo (of Siena)
225,906,914,Giovanni,Giovanni Pisano
225,1053,1061,Giovanni,Giovanni Pisano
225,1319,1327,Agostino,Agostino (of Siena)
225,1576,1584,Giovanni,Giovanni Pisano
225,2033,2041,Agostino,Agostino (of Siena)
225,2084,2092,Giovanni,Giovanni Pisano
225,2111,2117,Agnolo,Agnolo (of Siena)
225,2218,2224,Agnolo,Agnolo (of Siena)
225,2230,2238,Agostino,Agostino (of Siena)
225,2446,2454,Agostino,Agostino (of Siena)
225,2484,2490,Agnolo,Agnolo (of Siena)
226,8,16,AGOSTINO,Agostino (of Siena)
226,21,27,AGNOLO,Agnolo (of Siena)
226,38,46,Agostino,Agostino (of Siena)
226,231,237,Agnolo,Agnolo (of Siena)
226,360,368,Agostino,Agostino (of Siena)
226,757,765,Agostino,Agostino (of Siena)
226,1529,1537,Agostino,Agostino (of Siena)
226,1756,1764,Agostino,Agostino (of Siena)
226,1769,1775,Agnolo,Agnolo (of Siena)
227,8,16,AGOSTINO,Agostino (of Siena)
227,21,27,AGNOLO,Agnolo (of Siena)
227,527,535,Agostino,Agostino (of Siena)
227,540,546,Agnolo,Agnolo (of Siena)
227,1065,1073,Agostino,Agostino (of Siena)
227,1078,1084,Agnolo,Agnolo (of Siena)
227,1295,1303,Agostino,Agostino (of Siena)
227,1308,1314,Agnolo,Agnolo (of Siena)
228,8,16,AGOSTINO,Agostino (of Siena)
228,21,27,AGNOLO,Agnolo (of Siena)
229,8,16,AGOSTINO,Agostino (of Siena)
229,21,27,AGNOLO,Agnolo (of Siena)
230,8,16,AGOSTINO,Agostino (of Siena)
230,21,27,AGNOLO,Agnolo (of Siena)
230,38,44,Agnolo,Agnolo (of Siena)
230,49,57,Agostino,Agostino (of Siena)
230,696,704,Agostino,Agostino (of Siena)
230,709,715,Agnolo,Agnolo (of Siena)
232,8,16,AGOSTINO,Agostino (of Siena)
232,21,27,AGNOLO,Agnolo (of Siena)
232,754,762,Agostino,Agostino (of Siena)
232,767,773,Agnolo,Agnolo (of Siena)
233,8,16,AGOSTINO,Agostino (of Siena)
233,21,27,AGNOLO,Agnolo (of Siena)
233,458,466,Agostino,Agostino (of Siena)
233,471,477,Agnolo,Agnolo (of Siena)
234,8,16,AGOSTINO,Agostino (of Siena)
234,21,27,AGNOLO,Agnolo (of Siena)
235,8,16,AGOSTINO,Agostino (of Siena)
235,21,27,AGNOLO,Agnolo (of Siena)
235,594,602,Agostino,Agostino (of Siena)
235,607,613,Agnolo,Agnolo (of Siena)
236,8,16,AGOSTINO,Agostino (of Siena)
236,21,27,AGNOLO,Agnolo (of Siena)
236,397,403,Agnolo,Agnolo (of Siena)
236,623,631,Agostino,Agostino (of Siena)
236,917,923,Agnolo,Agnolo (of Siena)
237,8,16,AGOSTINO,Agostino (of Siena)
237,21,27,AGNOLO,Agnolo (of Siena)
237,446,452,Pietro,Pietro
237,457,462,Paolo,Paolo
237,508,514,Agnolo,Agnolo (of Siena)
237,519,527,Agostino,Agostino (of Siena)
238,8,16,AGOSTINO,Agostino (of Siena)
238,21,27,AGNOLO,Agnolo (of Siena)
239,8,16,AGOSTINO,Agostino (of Siena)
239,21,27,AGNOLO,Agnolo (of Siena)
239,90,109,Forzore di Spinello,Forzore di Spinello
239,900,924,Leonardo di Ser Giovanni,Leonardo di Ser Giovanni
239,1100,1106,Jacopo,Jacopo Lanfrani
241,8,16,AGOSTINO,Agostino (of Siena)
241,21,27,AGNOLO,Agnolo (of Siena)
241,56,64,Agostino,Agostino (of Siena)
241,69,75,Agnolo,Agnolo (of Siena)
241,1089,1098,Jacobello,Jacobello
241,1103,1115,Pietro Paolo,Pietro Paolo
241,1150,1158,Agostino,Agostino (of Siena)
241,1163,1169,Agnolo,Agnolo (of Siena)
242,8,16,AGOSTINO,Agostino (of Siena)
242,21,27,AGNOLO,Agnolo (of Siena)
242,220,228,Pesarese,Pesarese
242,456,464,Agostino,Agostino (of Siena)
242,469,475,Agnolo,Agnolo (of Siena)
245,8,15,STEFANO,Stefano
245,2735,2742,Stefano,Stefano
245,3653,3660,Stefano,Stefano
246,8,15,STEFANO,Stefano
246,91,98,Stefano,Stefano
246,598,604,Giotto,Giotto
246,880,886,Giotto,Giotto
247,8,15,STEFANO,Stefano
247,271,277,Giotto,Giotto
247,292,299,Stefano,Stefano
247,546,552,Giotto,Giotto
248,8,15,STEFANO,Stefano
248,734,741,Stefano,Stefano
248,1459,1466,Stefano,Stefano
249,8,15,STEFANO,Stefano
250,8,15,STEFANO,Stefano
251,8,15,STEFANO,Stefano
251,45,52,UGOLINO,"Sanese, Ugolino (Ugolino da Siena)"
251,159,166,Stefano,Stefano
251,252,258,Giotto,Giotto
251,458,465,Stefano,Stefano
251,474,480,Giotto,Giotto
251,514,521,Stefano,Stefano
251,584,590,Giotto,Giotto
251,1185,1192,Stefano,Stefano
252,8,15,STEFANO,Stefano
252,95,102,Stefano,Stefano
253,8,15,STEFANO,Stefano
253,77,84,Stefano,Stefano
254,8,15,STEFANO,Stefano
258,1,18,PIETRO LORENZETTI,"Lorenzetti, Pietro (Laurati)"
258,21,35,Pietro Laurati,"Laurati, Pietro (called Lorenzetti)"
258,499,505,Giotto,Giotto
258,663,670,Cimabue,"Cimabue, Giovanni"
258,675,681,Giotto,Giotto
258,1245,1251,Pietro,"Laurati, Pietro (called Lorenzetti)"
258,1245,1251,Pietro,"Lorenzetti, Pietro (Laurati)"
259,1,18,PIETRO LORENZETTI,"Lorenzetti, Pietro (Laurati)"
259,234,240,Giotto,Giotto
260,1,18,PIETRO LORENZETTI,"Lorenzetti, Pietro (Laurati)"
260,21,27,Pietro,"Laurati, Pietro (called Lorenzetti)"
260,21,27,Pietro,"Lorenzetti, Pietro (Laurati)"
261,1,18,PIETRO LORENZETTI,"Lorenzetti, Pietro (Laurati)"
261,42,56,Pietro Laurati,"Laurati, Pietro (called Lorenzetti)"
261,130,136,Pietro,"Laurati, Pietro (called Lorenzetti)"
261,130,136,Pietro,"Lorenzetti, Pietro (Laurati)"
261,221,227,Pietro,"Laurati, Pietro (called Lorenzetti)"
261,221,227,Pietro,"Lorenzetti, Pietro (Laurati)"
262,1,18,PIETRO LORENZETTI,"Lorenzetti, Pietro (Laurati)"
262,35,41,Pietro,"Laurati, Pietro (called Lorenzetti)"
262,35,41,Pietro,"Lorenzetti, Pietro (Laurati)"
262,46,67,Bartolommeo Bologhini,Bartolommeo Bologhini
262,380,386,Pietro,"Laurati, Pietro (called Lorenzetti)"
262,380,386,Pietro,"Lorenzetti, Pietro (Laurati)"
262,525,531,Pietro,"Laurati, Pietro (called Lorenzetti)"
262,525,531,Pietro,"Lorenzetti, Pietro (Laurati)"
262,570,591,Bartolommeo Bologhini,Bartolommeo Bologhini
266,8,21,ANDREA PISANO,Andrea Pisano
266,352,365,Andrea Pisano,Andrea Pisano
266,408,414,Giotto,Giotto
266,1938,1944,Andrea,Andrea Pisano
266,2262,2268,Giotto,Giotto
267,8,21,ANDREA PISANO,Andrea Pisano
267,87,93,Andrea,Andrea Pisano
267,1052,1058,Giotto,Giotto
267,1110,1116,Andrea,Andrea Pisano
267,1392,1398,Andrea,Andrea Pisano
267,1729,1735,Andrea,Andrea Pisano
267,2646,2652,Andrea,Andrea Pisano
267,3227,3234,Ridolfo,"Ghirlandajo, Ridolfo"
267,3243,3263,Domenico Ghirlandajo,Domenico Ghirlandajo
267,3420,3426,Andrea,Andrea Pisano
268,8,21,ANDREA PISANO,Andrea Pisano
268,40,46,Andrea,Andrea Pisano
268,193,200,Arnolfo,"Arnolfo di Lapo (Arnolfo Lapo, Arnolfo Lapi)"
268,216,222,Giotto,Giotto
268,418,424,Andrea,Andrea Pisano
268,827,833,Andrea,Andrea Pisano
268,1034,1040,Andrea,Andrea Pisano
269,8,21,ANDREA PISANO,Andrea Pisano
269,193,199,Giotto,Giotto
269,398,404,Giotto,Giotto
269,2216,2222,Andrea,Andrea Pisano
269,2651,2667,Lorenzo Ghiberti,"Ghiberti, Lorenzo (Lorenzo di Cione Ghiberti)"
269,2833,2839,Andrea,Andrea Pisano
269,2876,2880,Nino,Nino Pisano
270,8,21,ANDREA PISANO,Andrea Pisano
270,55,61,Andrea,Andrea Pisano
270,639,645,Andrea,Andrea Pisano
271,8,21,ANDREA PISANO,Andrea Pisano
272,8,21,ANDREA PISANO,Andrea Pisano
273,8,21,ANDREA PISANO,Andrea Pisano
274,8,21,ANDREA PISANO,Andrea Pisano
274,112,118,Andrea,Andrea Pisano
275,8,21,ANDREA PISANO,Andrea Pisano
275,23,29,Andrea,Andrea Pisano
275,773,779,Andrea,Andrea Pisano
275,1457,1463,Andrea,Andrea Pisano
275,2378,2390,Taddeo Gaddi,"Gaddi, Taddeo"
275,2450,2463,Andrea Pisano,Andrea Pisano
275,2574,2580,Andrea,Andrea Pisano
276,8,21,ANDREA PISANO,Andrea Pisano
276,43,49,Andrea,Andrea Pisano
276,424,444,Jacopo della Quercia,"Fonte, Jacopo della (Jacopo della Quercia)"
276,424,444,Jacopo della Quercia,"Quercia, Jacopo della (called della Fonte)"
276,455,464,Donatello,Donato (Donatello)
276,466,492,Filippo di Ser Brunellesco,"Brunelleschi, Filippo (Filippo di Ser Brunellesco)"
276,498,514,Lorenzo Ghiberti,"Ghiberti, Lorenzo (Lorenzo di Cione Ghiberti)"
276,808,814,Andrea,Andrea Pisano
277,8,21,ANDREA PISANO,Andrea Pisano
277,23,29,Andrea,Andrea Pisano
277,65,79,Tommaso Pisano,"Pisano, Tommaso"
277,257,264,Tommaso,"Pisano, Tommaso"
277,301,307,Andrea,Andrea Pisano
278,8,21,ANDREA PISANO,Andrea Pisano
278,23,29,Andrea,Andrea Pisano
278,46,50,Nino,Nino Pisano
278,879,883,Nino,Nino Pisano
278,1125,1131,Andrea,Andrea Pisano
278,1204,1208,Nino,Nino Pisano
278,1614,1627,ANDREA PISANO,Andrea Pisano
279,8,21,ANDREA PISANO,Andrea Pisano
279,23,29,Andrea,Andrea Pisano
279,99,103,Nino,Nino Pisano
280,8,21,ANDREA PISANO,Andrea Pisano
284,63,74,Buffalmacco,"Buffalmacco, Buonamico"
284,119,130,Andrea Tafi,Andrea Tafi
284,563,574,Buffalmacco,"Buffalmacco, Buonamico"
284,607,613,Andrea,Andrea Tafi
284,795,804,Buonamico,"Buffalmacco, Buonamico"
284,897,903,Andrea,Andrea Tafi
284,1199,1205,Andrea,Andrea Tafi
284,1290,1296,Andrea,Andrea Tafi
284,1687,1698,Buffalmacco,"Buffalmacco, Buonamico"
284,1809,1818,Buonamico,"Buffalmacco, Buonamico"
284,1893,1902,Buonamico,"Buffalmacco, Buonamico"
284,2199,2208,Buonamico,"Buffalmacco, Buonamico"
284,2520,2529,Buonamico,"Buffalmacco, Buonamico"
284,2614,2623,Buonamico,"Buffalmacco, Buonamico"
284,2653,2662,Buonamico,"Buffalmacco, Buonamico"
284,3357,3368,Buffalmacco,"Buffalmacco, Buonamico"
284,4112,4123,Buffalmacco,"Buffalmacco, Buonamico"
285,279,290,Buffalmacco,"Buffalmacco, Buonamico"
285,509,518,Buonamico,"Buffalmacco, Buonamico"
285,1933,1944,Buffalmacco,"Buffalmacco, Buonamico"
285,2731,2740,Buonamico,"Buffalmacco, Buonamico"
285,2988,2999,Buffalmacco,"Buffalmacco, Buonamico"
287,224,233,Buonamico,"Buffalmacco, Buonamico"
287,315,326,Buffalmacco,"Buffalmacco, Buonamico"
287,1002,1011,Buonamico,"Buffalmacco, Buonamico"
287,2023,2032,Buonamico,"Buffalmacco, Buonamico"
287,2466,2475,Buonamico,"Buffalmacco, Buonamico"
288,552,561,Buonamico,"Buffalmacco, Buonamico"
289,497,508,Buffalmacco,"Buffalmacco, Buonamico"
289,1688,1697,Buonamico,"Buffalmacco, Buonamico"
290,412,421,Buonamico,"Buffalmacco, Buonamico"
290,570,579,Buonamico,"Buffalmacco, Buonamico"
290,919,928,Buonamico,"Buffalmacco, Buonamico"
290,1169,1178,Buonamico,"Buffalmacco, Buonamico"
290,1467,1476,Buonamico,"Buffalmacco, Buonamico"
290,2053,2062,Buonamico,"Buffalmacco, Buonamico"
290,2507,2516,Buonamico,"Buffalmacco, Buonamico"
290,3353,3362,Buonamico,"Buffalmacco, Buonamico"
290,4387,4396,Buonamico,"Buffalmacco, Buonamico"
290,4570,4579,Buonamico,"Buffalmacco, Buonamico"
291,155,166,Buffalmacco,"Buffalmacco, Buonamico"
291,920,929,Buonamico,"Buffalmacco, Buonamico"
291,1043,1052,Buonamico,"Buffalmacco, Buonamico"
291,1286,1295,Buonamico,"Buffalmacco, Buonamico"
292,54,63,Buonamico,"Buffalmacco, Buonamico"
293,87,96,Buonamico,"Buffalmacco, Buonamico"
293,589,598,Buonamico,"Buffalmacco, Buonamico"
293,1107,1116,Buonamico,"Buffalmacco, Buonamico"
293,1297,1306,Buonamico,"Buffalmacco, Buonamico"
294,46,55,Buonamico,"Buffalmacco, Buonamico"
294,73,90,Bruno di Giovanni,Bruno di Giovanni
294,160,165,Bruno,Bruno di Giovanni
294,903,908,Bruno,Bruno di Giovanni
294,1002,1011,Buonamico,"Buffalmacco, Buonamico"
294,1275,1284,Buonamico,"Buffalmacco, Buonamico"
294,1346,1353,Cimabue,"Cimabue, Giovanni"
294,1390,1395,Bruno,Bruno di Giovanni
295,672,681,Buonamico,"Buffalmacco, Buonamico"
297,538,547,Buonamico,"Buffalmacco, Buonamico"
298,320,325,Bruno,Bruno di Giovanni
298,469,474,Bruno,Bruno di Giovanni
298,509,518,Buonamico,"Buffalmacco, Buonamico"
298,799,804,Bruno,Bruno di Giovanni
299,37,42,Bruno,Bruno di Giovanni
299,89,98,Buonamico,"Buffalmacco, Buonamico"
299,302,311,Buonamico,"Buffalmacco, Buonamico"
299,1042,1051,Buonamico,"Buffalmacco, Buonamico"
301,95,104,Buonamico,"Buffalmacco, Buonamico"
301,734,743,Buonamico,"Buffalmacco, Buonamico"
301,1955,1964,Buonamico,"Buffalmacco, Buonamico"
301,2354,2363,Buonamico,"Buffalmacco, Buonamico"
301,2512,2521,Buonamico,"Buffalmacco, Buonamico"
301,3245,3254,Buonamico,"Buffalmacco, Buonamico"
302,413,422,Buonamico,"Buffalmacco, Buonamico"
302,851,860,Buonamico,"Buffalmacco, Buonamico"
303,8,29,BUONAMICO BUFFALMACCO,"Buffalmacco, Buonamico"
307,8,27,AMBROGIO LORENZETTI,Ambrogio Lorenzetti
307,408,427,Ambrogio Lorenzetti,Ambrogio Lorenzetti
307,1276,1284,Ambrogio,Ambrogio Lorenzetti
308,8,27,AMBROGIO LORENZETTI,Ambrogio Lorenzetti
309,8,27,AMBROGIO LORENZETTI,Ambrogio Lorenzetti
309,49,57,Ambrogio,Ambrogio Lorenzetti
309,636,644,Ambrogio,Ambrogio Lorenzetti
310,8,27,AMBROGIO LORENZETTI,Ambrogio Lorenzetti
310,62,70,Ambrogio,Ambrogio Lorenzetti
315,8,24,PIETRO CAVALLINI,"Cavallini, Pietro"
315,211,227,Pietro Cavallini,"Cavallini, Pietro"
315,249,255,Giotto,Giotto
315,401,407,Giotto,Giotto
315,431,437,Giotto,Giotto
315,479,485,Pietro,"Cavallini, Pietro"
315,977,983,Giotto,Giotto
315,1218,1224,Giotto,Giotto
315,1839,1845,Pietro,"Cavallini, Pietro"
315,2176,2182,Giotto,Giotto
316,8,24,PIETRO CAVALLINI,"Cavallini, Pietro"
316,44,50,Pietro,"Cavallini, Pietro"
316,666,672,Pietro,"Cavallini, Pietro"
317,8,24,PIETRO CAVALLINI,"Cavallini, Pietro"
317,1361,1367,Pietro,"Cavallini, Pietro"
317,1551,1557,Pietro,"Cavallini, Pietro"
318,8,24,PIETRO CAVALLINI,"Cavallini, Pietro"
318,121,127,Pietro,"Cavallini, Pietro"
318,387,393,Pietro,"Cavallini, Pietro"
319,8,24,PIETRO CAVALLINI,"Cavallini, Pietro"
319,150,156,Pietro,"Cavallini, Pietro"
319,200,206,Pietro,"Cavallini, Pietro"
319,1107,1113,Pietro,"Cavallini, Pietro"
319,1450,1466,Pietro Cavallini,"Cavallini, Pietro"
319,1471,1490,Giovanni da Pistoia,Giovanni da Pistoia
320,8,24,PIETRO CAVALLINI,"Cavallini, Pietro"
321,8,24,PIETRO CAVALLINI,"Cavallini, Pietro"
322,8,24,PIETRO CAVALLINI,"Cavallini, Pietro"
331,553,559,Giotto,Giotto
331,896,902,Giotto,Giotto
333,1627,1634,Arnolfo,"Arnolfo di Lapo (Arnolfo Lapo, Arnolfo Lapi)"
333,3163,3169,Giotto,Giotto
333,3174,3183,Buonamico,"Buffalmacco, Buonamico"
334,2981,2992,Lippo Memmi,Lippo Memmi
335,505,510,Lippo,Lippo Memmi
336,106,114,Neroccio,Neroccio
337,691,696,Lippo,Lippo Memmi
338,190,195,Lippo,Lippo Memmi
340,158,165,Cimabue,"Cimabue, Giovanni"
340,181,185,Lapo,Jacopo Tedesco (Lapo)
340,181,185,Lapo,"Tedesco, Jacopo (Lapo)"
340,195,202,Arnolfo,"Arnolfo di Lapo (Arnolfo Lapo, Arnolfo Lapi)"
340,402,408,Giotto,Giotto
347,8,20,TADDEO GADDI,"Gaddi, Taddeo"
347,665,677,Taddeo Gaddi,"Gaddi, Taddeo"
347,1506,1512,Giotto,Giotto
347,2097,2103,Giotto,Giotto
347,2583,2589,Donato,Donato (Donatello)
347,2815,2821,Giotto,Giotto
348,8,20,TADDEO GADDI,"Gaddi, Taddeo"
348,430,436,Giotto,Giotto
349,8,20,TADDEO GADDI,"Gaddi, Taddeo"
349,1263,1269,Taddeo,"Gaddi, Taddeo"
350,8,20,TADDEO GADDI,"Gaddi, Taddeo"
350,66,78,Taddeo Gaddi,"Gaddi, Taddeo"
350,408,414,Taddeo,"Gaddi, Taddeo"
351,8,20,TADDEO GADDI,"Gaddi, Taddeo"
352,8,20,TADDEO GADDI,"Gaddi, Taddeo"
352,572,578,Giotto,Giotto
353,8,20,TADDEO GADDI,"Gaddi, Taddeo"
353,57,63,Taddeo,"Gaddi, Taddeo"
353,1857,1869,Taddeo Gaddi,"Gaddi, Taddeo"
353,2706,2712,Taddeo,"Gaddi, Taddeo"
354,8,20,TADDEO GADDI,"Gaddi, Taddeo"
354,39,45,Taddeo,"Gaddi, Taddeo"
354,365,371,Taddeo,"Gaddi, Taddeo"
355,8,20,TADDEO GADDI,"Gaddi, Taddeo"
355,91,97,Taddeo,"Gaddi, Taddeo"
356,8,20,TADDEO GADDI,"Gaddi, Taddeo"
357,8,20,TADDEO GADDI,"Gaddi, Taddeo"
358,8,20,TADDEO GADDI,"Gaddi, Taddeo"
359,8,20,TADDEO GADDI,"Gaddi, Taddeo"
359,22,28,Taddeo,"Gaddi, Taddeo"
359,160,178,Giovanni da Milano,Giovanni da Milano
359,1511,1517,Taddeo,"Gaddi, Taddeo"
360,8,20,TADDEO GADDI,"Gaddi, Taddeo"
360,176,195,Jacopo di Casentino,"Casentino, Jacopo di"
360,304,312,Giovanni,Giovanni da Milano
361,8,20,TADDEO GADDI,"Gaddi, Taddeo"
361,514,520,Taddeo,"Gaddi, Taddeo"
361,997,1003,Taddeo,"Gaddi, Taddeo"
361,3660,3666,Taddeo,"Gaddi, Taddeo"
362,8,20,TADDEO GADDI,"Gaddi, Taddeo"
362,257,263,Taddeo,"Gaddi, Taddeo"
362,375,380,Gaddi,Agnolo Gaddi
362,375,380,Gaddi,"Gaddi, Giovanni"
362,375,380,Gaddi,"Gaddi, Taddeo"
362,436,442,Taddeo,"Gaddi, Taddeo"
362,676,682,Taddeo,"Gaddi, Taddeo"
363,8,20,TADDEO GADDI,"Gaddi, Taddeo"
363,108,114,Taddeo,"Gaddi, Taddeo"
363,171,177,Agnolo,Agnolo Gaddi
363,182,190,Giovanni,"Gaddi, Giovanni"
363,182,190,Giovanni,Giovanni da Milano
363,245,264,Jacopo di Casentino,"Casentino, Jacopo di"
363,289,307,Giovanni da Milano,Giovanni da Milano
363,355,361,Taddeo,"Gaddi, Taddeo"
363,367,375,Giovanni,"Gaddi, Giovanni"
363,367,375,Giovanni,Giovanni da Milano
364,8,20,TADDEO GADDI,"Gaddi, Taddeo"
364,22,28,Taddeo,"Gaddi, Taddeo"
364,412,418,Taddeo,"Gaddi, Taddeo"
365,8,20,TADDEO GADDI,"Gaddi, Taddeo"
365,22,28,Taddeo,"Gaddi, Taddeo"
365,43,49,Agnolo,Agnolo Gaddi
365,54,62,Giovanni,"Gaddi, Giovanni"
365,144,149,Gaddo,"Gaddi, Gaddo"
365,843,849,Taddeo,"Gaddi, Taddeo"
366,8,20,TADDEO GADDI,"Gaddi, Taddeo"
370,8,31,ANDREA DI CIONE ORCAGNA,Andrea di Cione Orcagna
370,905,913,Bernardo,Bernardo di Cione Orcagna
370,1676,1684,Bernardo,Bernardo di Cione Orcagna
370,1990,1996,Andrea,Andrea di Cione Orcagna
370,2099,2107,Bernardo,Bernardo di Cione Orcagna
370,2304,2312,Bernardo,Bernardo di Cione Orcagna
371,8,31,ANDREA DI CIONE ORCAGNA,Andrea di Cione Orcagna
371,250,261,Buffalmacco,"Buffalmacco, Buonamico"
371,316,322,Andrea,Andrea di Cione Orcagna
371,2766,2772,Andrea,Andrea di Cione Orcagna
371,3339,3350,Buffalmacco,"Buffalmacco, Buonamico"
371,3386,3391,Bruno,Bruno di Giovanni
372,8,31,ANDREA DI CIONE ORCAGNA,Andrea di Cione Orcagna
373,8,31,ANDREA DI CIONE ORCAGNA,Andrea di Cione Orcagna
374,8,31,ANDREA DI CIONE ORCAGNA,Andrea di Cione Orcagna
375,8,31,ANDREA DI CIONE ORCAGNA,Andrea di Cione Orcagna
376,8,31,ANDREA DI CIONE ORCAGNA,Andrea di Cione Orcagna
376,206,214,Bernardo,Bernardo di Cione Orcagna
376,358,368,Sollazzino,Sollazzino
377,8,31,ANDREA DI CIONE ORCAGNA,Andrea di Cione Orcagna
377,41,49,Bernardo,Bernardo di Cione Orcagna
377,51,57,Andrea,Andrea di Cione Orcagna
377,2071,2077,Andrea,Andrea di Cione Orcagna
377,3234,3242,Bernardo,Bernardo di Cione Orcagna
378,8,31,ANDREA DI CIONE ORCAGNA,Andrea di Cione Orcagna
380,8,31,ANDREA DI CIONE ORCAGNA,Andrea di Cione Orcagna
380,526,534,Bernardo,Bernardo Nello di Giovanni Falconi
380,526,534,Bernardo,Bernardo di Cione Orcagna
380,625,631,Andrea,Andrea di Cione Orcagna
381,8,31,ANDREA DI CIONE ORCAGNA,Andrea di Cione Orcagna
382,8,31,ANDREA DI CIONE ORCAGNA,Andrea di Cione Orcagna
382,46,52,Andrea,Andrea di Cione Orcagna
382,70,104,Bernardo Nello di Giovanni Falconi,Bernardo Nello di Giovanni Falconi
382,164,180,Tommaso di Marco,"Marco, Tommaso di"
383,8,31,ANDREA DI CIONE ORCAGNA,Andrea di Cione Orcagna
383,52,58,Andrea,Andrea di Cione Orcagna
383,72,78,Jacopo,Jacopo di Cione Orcagna
383,1142,1150,Mariotto,Mariotto
383,1162,1168,Andrea,Andrea di Cione Orcagna
384,8,31,ANDREA DI CIONE ORCAGNA,Andrea di Cione Orcagna
384,101,117,Francesco Traini,Francesco Traini
384,1653,1669,Francesco Traini,Francesco Traini
384,1712,1718,Andrea,Andrea di Cione Orcagna
384,1787,1793,Andrea,Andrea di Cione Orcagna
388,8,15,TOMMASO,"Giottino (Tommaso, or Maso)"
388,1059,1067,Giottino,"Giottino (Tommaso, or Maso)"
388,1342,1349,Stefano,Stefano
388,1502,1510,Giottino,"Giottino (Tommaso, or Maso)"
388,1850,1857,Stefano,Stefano
389,8,15,TOMMASO,"Giottino (Tommaso, or Maso)"
389,24,32,GIOTTINO,"Giottino (Tommaso, or Maso)"
389,534,542,Giottino,"Giottino (Tommaso, or Maso)"
389,3169,3176,Tommaso,"Giottino (Tommaso, or Maso)"
390,8,15,TOMMASO,"Giottino (Tommaso, or Maso)"
390,58,66,Giottino,"Giottino (Tommaso, or Maso)"
390,495,503,Giottino,"Giottino (Tommaso, or Maso)"
391,8,15,TOMMASO,"Giottino (Tommaso, or Maso)"
391,86,93,Tommaso,"Giottino (Tommaso, or Maso)"
392,8,15,TOMMASO,"Giottino (Tommaso, or Maso)"
392,1327,1334,Tommaso,"Giottino (Tommaso, or Maso)"
393,8,15,TOMMASO,"Giottino (Tommaso, or Maso)"
393,50,57,Tommaso,"Giottino (Tommaso, or Maso)"
393,1502,1510,Giottino,"Giottino (Tommaso, or Maso)"
394,8,15,TOMMASO,"Giottino (Tommaso, or Maso)"
394,24,32,GIOTTINO,"Giottino (Tommaso, or Maso)"
394,47,55,Giottino,"Giottino (Tommaso, or Maso)"
394,94,112,Giovanni Tossicani,Giovanni Tossicani
394,124,133,Michelino,Michelino
394,135,153,Giovanni dal Ponte,Giovanni dal Ponte (Giovanni da Santo Stefano a Ponte)
394,159,164,Lippo,Lippo
394,223,241,Giovanni Tossicani,Giovanni Tossicani
394,292,299,Tommaso,"Giottino (Tommaso, or Maso)"
394,1218,1226,Giovanni,Giovanni Tossicani
394,1218,1226,Giovanni,Giovanni dal Ponte (Giovanni da Santo Stefano a Ponte)
395,8,15,TOMMASO,"Giottino (Tommaso, or Maso)"
395,24,32,GIOTTINO,"Giottino (Tommaso, or Maso)"
399,8,26,GIOVANNI DAL PONTE,Giovanni dal Ponte (Giovanni da Santo Stefano a Ponte)
400,8,26,GIOVANNI DAL PONTE,Giovanni dal Ponte (Giovanni da Santo Stefano a Ponte)
401,8,26,GIOVANNI DAL PONTE,Giovanni dal Ponte (Giovanni da Santo Stefano a Ponte)
401,28,36,Giovanni,Giovanni dal Ponte (Giovanni da Santo Stefano a Ponte)
401,535,553,Giovanni dal Ponte,Giovanni dal Ponte (Giovanni da Santo Stefano a Ponte)
401,732,740,Giovanni,Giovanni dal Ponte (Giovanni da Santo Stefano a Ponte)
402,8,26,GIOVANNI DAL PONTE,Giovanni dal Ponte (Giovanni da Santo Stefano a Ponte)
402,448,456,Giovanni,Giovanni dal Ponte (Giovanni da Santo Stefano a Ponte)
403,8,26,GIOVANNI DAL PONTE,Giovanni dal Ponte (Giovanni da Santo Stefano a Ponte)
403,134,142,Giovanni,Giovanni dal Ponte (Giovanni da Santo Stefano a Ponte)
407,8,20,AGNOLO GADDI,Agnolo Gaddi
407,140,152,Taddeo Gaddi,"Gaddi, Taddeo"
407,326,332,Agnolo,Agnolo Gaddi
407,337,345,Giovanni,"Gaddi, Giovanni"
407,457,462,Gaddi,Agnolo Gaddi
407,457,462,Gaddi,"Gaddi, Gaddo"
407,457,462,Gaddi,"Gaddi, Giovanni"
407,457,462,Gaddi,"Gaddi, Taddeo"
407,596,601,Gaddo,"Gaddi, Gaddo"
407,603,609,Taddeo,"Gaddi, Taddeo"
407,611,617,Agnolo,Agnolo Gaddi
407,623,631,Giovanni,"Gaddi, Giovanni"
408,8,20,AGNOLO GADDI,Agnolo Gaddi
408,22,28,Taddeo,"Gaddi, Taddeo"
408,92,98,Agnolo,Agnolo Gaddi
408,163,169,Agnolo,Agnolo Gaddi
408,885,891,Agnolo,Agnolo Gaddi
408,1735,1741,Agnolo,Agnolo Gaddi
408,1789,1795,Taddeo,"Gaddi, Taddeo"
408,1806,1812,Taddeo,"Gaddi, Taddeo"
408,2062,2068,Agnolo,Agnolo Gaddi
408,2910,2916,Agnolo,Agnolo Gaddi
409,8,20,AGNOLO GADDI,Agnolo Gaddi
410,8,20,AGNOLO GADDI,Agnolo Gaddi
410,72,78,Agnolo,Agnolo Gaddi
410,492,500,Giovanni,Giovanni Pisano
410,904,910,Agnolo,Agnolo Gaddi
410,1348,1354,Agnolo,Agnolo Gaddi
410,1975,1981,Agnolo,Agnolo Gaddi
411,8,20,AGNOLO GADDI,Agnolo Gaddi
411,871,877,Agnolo,Agnolo Gaddi
411,1468,1474,Agnolo,Agnolo Gaddi
411,2220,2226,Agnolo,Agnolo Gaddi
412,8,20,AGNOLO GADDI,Agnolo Gaddi
412,696,702,Agnolo,Agnolo Gaddi
412,853,859,Taddeo,"Gaddi, Taddeo"
412,1101,1107,Agnolo,Agnolo Gaddi
412,1124,1147,Cennino di Drea Cennini,"Cennini, Cennino di Drea"
412,1639,1645,Agnolo,Agnolo Gaddi
413,8,20,AGNOLO GADDI,Agnolo Gaddi
413,123,146,Cennino di Drea Cennini,"Cennini, Cennino di Drea"
413,291,297,Taddeo,"Gaddi, Taddeo"
413,589,596,Cennino,"Cennini, Cennino di Drea"
414,8,20,AGNOLO GADDI,Agnolo Gaddi
414,45,51,Agnolo,Agnolo Gaddi
