page_number,id,match_string,start_pos,end_pos
97,Agnolo (of Siena),AGNOLO,13,19
97,Agnolo (of Siena),AGNOLO,50,56
97,Agnolo (of Siena),Agnolo,204,210
97,Agnolo (of Siena),Agnolo,905,911
98,Agnolo (of Siena),AGNOLO,21,27
98,Agnolo (of Siena),Agnolo,358,364
98,Agnolo (of Siena),Agnolo,465,471
98,Agnolo (of Siena),Agnolo,731,737
98,Agnolo (of Siena),Agnolo,968,974
98,Agnolo (of Siena),Agnolo,2279,2285
99,Agnolo (of Siena),AGNOLO,21,27
99,Agnolo (of Siena),Agnolo,168,174
99,Agnolo (of Siena),Agnolo,952,958
99,Agnolo (of Siena),Agnolo,1490,1496
99,Agnolo (of Siena),Agnolo,1718,1724
100,Agnolo (of Siena),AGNOLO,21,27
100,Agnolo (of Siena),Agnolo,2109,2115
101,Agnolo (of Siena),AGNOLO,21,27
101,Agnolo (of Siena),Agnolo,599,605
101,Agnolo (of Siena),Agnolo,1453,1459
102,Agnolo (of Siena),AGNOLO,21,27
102,Agnolo (of Siena),Agnolo,146,152
102,Agnolo (of Siena),Agnolo,1600,1606
102,Agnolo (of Siena),Agnolo,2266,2272
103,Agnolo (of Siena),AGNOLO,21,27
103,Agnolo (of Siena),Agnolo,531,537
103,Agnolo (of Siena),Agnolo,1116,1122
104,Agnolo (of Siena),AGNOLO,21,27
104,Agnolo (of Siena),Agnolo,1937,1943
105,Agnolo (of Siena),AGNOLO,21,27
105,Agnolo (of Siena),Agnolo,783,789
105,Agnolo (of Siena),Agnolo,1351,1357
39,Agnolo (of Siena),Agnolo,1114,1120
217,Agnolo Gaddi,AGNOLO GADDI,0,12
217,Agnolo Gaddi,AGNOLO GADDI,21,33
217,Agnolo Gaddi,Agnolo,359,365
217,Agnolo Gaddi,Agnolo,644,650
217,Agnolo Gaddi,Agnolo,954,960
217,Agnolo Gaddi,Agnolo,1025,1031
217,Agnolo Gaddi,Agnolo,1747,1753
217,Agnolo Gaddi,Gaddi,180,185
217,Agnolo Gaddi,Gaddi,490,495
218,Agnolo Gaddi,AGNOLO GADDI,8,20
218,Agnolo Gaddi,Agnolo,836,842
218,Agnolo Gaddi,Agnolo,1163,1169
218,Agnolo Gaddi,Agnolo,2011,2017
219,Agnolo Gaddi,AGNOLO GADDI,8,20
219,Agnolo Gaddi,Agnolo Gaddi,621,633
219,Agnolo Gaddi,Agnolo,751,757
219,Agnolo Gaddi,Agnolo,1583,1589
219,Agnolo Gaddi,Agnolo,2027,2033
220,Agnolo Gaddi,AGNOLO GADDI,8,20
220,Agnolo Gaddi,Agnolo,251,257
220,Agnolo Gaddi,Agnolo,1217,1223
220,Agnolo Gaddi,Agnolo,1814,1820
221,Agnolo Gaddi,AGNOLO GADDI,8,20
221,Agnolo Gaddi,Agnolo,281,287
221,Agnolo Gaddi,Agnolo,1073,1079
221,Agnolo Gaddi,Agnolo,1478,1484
221,Agnolo Gaddi,Agnolo,2016,2022
221,Agnolo Gaddi,Gaddi,1126,1131
222,Agnolo Gaddi,AGNOLO GADDI,8,20
222,Agnolo Gaddi,Agnolo,1313,1319
222,Agnolo Gaddi,Agnolo,2130,2136
223,Agnolo Gaddi,AGNOLO GADDI,8,20
223,Agnolo Gaddi,Agnolo,205,211
185,Agnolo Gaddi,Agnolo,1221,1227
185,Agnolo Gaddi,GADDI,15,20
185,Agnolo Gaddi,Gaddi,585,590
186,Agnolo Gaddi,Agnolo,231,237
186,Agnolo Gaddi,GADDI,15,20
208,Agnolo di Lorenzo,Agnolo di Lorenzo,972,989
79,Agobbio,Agobbio,1207,1214
79,Agobbio,Agobbio,2149,2156
97,Agostino (of Siena),AGOSTINO,0,8
97,Agostino (of Siena),AGOSTINO,37,45
97,Agostino (of Siena),Agostino,191,199
97,Agostino (of Siena),Agostino,892,900
97,Agostino (of Siena),Agostino,1372,1380
98,Agostino (of Siena),AGOSTINO,8,16
98,Agostino (of Siena),Agostino,280,288
98,Agostino (of Siena),Agostino,477,485
98,Agostino (of Siena),Agostino,693,701
98,Agostino (of Siena),Agostino,775,783
98,Agostino (of Siena),Agostino,1097,1105
98,Agostino (of Siena),Agostino,1494,1502
98,Agostino (of Siena),Agostino,2266,2274
99,Agostino (of Siena),AGOSTINO,8,16
99,Agostino (of Siena),Agostino,155,163
99,Agostino (of Siena),Agostino,939,947
99,Agostino (of Siena),Agostino,1477,1485
99,Agostino (of Siena),Agostino,1705,1713
100,Agostino (of Siena),AGOSTINO,8,16
100,Agostino (of Siena),Agostino,2120,2128
101,Agostino (of Siena),AGOSTINO,8,16
101,Agostino (of Siena),Agostino,586,594
101,Agostino (of Siena),Agostino,1440,1448
102,Agostino (of Siena),AGOSTINO,8,16
102,Agostino (of Siena),Agostino,133,141
102,Agostino (of Siena),Agostino,1587,1595
103,Agostino (of Siena),AGOSTINO,8,16
103,Agostino (of Siena),Agostino,237,245
103,Agostino (of Siena),Agostino,1127,1135
104,Agostino (of Siena),AGOSTINO,8,16
104,Agostino (of Siena),Agostino,1924,1932
105,Agostino (of Siena),AGOSTINO,8,16
105,Agostino (of Siena),Agostino,770,778
105,Agostino (of Siena),Agostino,1338,1346
39,Agostino (of Siena),Agostino,1101,1109
179,"Alberti, Leon Batista",Alberti,975,982
4,Alesso Baldovinetti,Alesso Baldovinetti,1982,2001
48,Alesso Baldovinetti,Alesso Baldovinetti,2139,2158
155,Ambrogio Lorenzetti,AMBROGIO LORENZETTI,8,27
155,Ambrogio Lorenzetti,Ambrogio Lorenzetti,425,444
155,Ambrogio Lorenzetti,Ambrogio,1293,1301
156,Ambrogio Lorenzetti,AMBROGIO LORENZETTI,8,27
156,Ambrogio Lorenzetti,AMBROGIO LORENZETTI,2158,2177
156,Ambrogio Lorenzetti,Ambrogio,2301,2309
157,Ambrogio Lorenzetti,AMBROGIO LORENZETTI,8,27
157,Ambrogio Lorenzetti,Ambrogio,379,387
157,Ambrogio Lorenzetti,Ambrogio,1124,1132
157,Ambrogio Lorenzetti,Ambrogio,1390,1398
123,Andrea Pisano,ANDREA PISANO,0,13
123,Andrea Pisano,ANDREA PISANO,22,35
123,Andrea Pisano,Andrea Pisano,389,402
124,Andrea Pisano,ANDREA PISANO,8,21
124,Andrea Pisano,Andrea,139,145
124,Andrea Pisano,Andrea,1659,1665
125,Andrea Pisano,ANDREA PISANO,8,21
125,Andrea Pisano,Andrea,297,303
125,Andrea Pisano,Andrea,579,585
125,Andrea Pisano,Andrea,915,921
125,Andrea Pisano,Andrea,1827,1833
126,Andrea Pisano,ANDREA PISANO,8,21
126,Andrea Pisano,Andrea Pisano,1748,1761
126,Andrea Pisano,Andrea,225,231
126,Andrea Pisano,Andrea,507,513
126,Andrea Pisano,Andrea,885,891
126,Andrea Pisano,Andrea,1293,1299
126,Andrea Pisano,Andrea,1500,1506
127,Andrea Pisano,ANDREA PISANO,8,21
127,Andrea Pisano,Andrea,1608,1614
127,Andrea Pisano,Andrea,2225,2231
128,Andrea Pisano,ANDREA PISANO,8,21
128,Andrea Pisano,Andrea Pisano,1732,1745
128,Andrea Pisano,Andrea,340,346
128,Andrea Pisano,Andrea,924,930
128,Andrea Pisano,Andrea,1478,1484
128,Andrea Pisano,Andrea,1793,1799
129,Andrea Pisano,ANDREA PISANO,8,21
129,Andrea Pisano,Andrea Pisano,2064,2077
129,Andrea Pisano,Andrea,387,393
129,Andrea Pisano,Andrea,683,689
129,Andrea Pisano,Andrea,1071,1077
129,Andrea Pisano,Andrea,2188,2194
130,Andrea Pisano,ANDREA PISANO,8,21
130,Andrea Pisano,Andrea,163,169
130,Andrea Pisano,Andrea,927,933
130,Andrea Pisano,Andrea,977,983
130,Andrea Pisano,Andrea,1253,1259
130,Andrea Pisano,Andrea,1564,1570
130,Andrea Pisano,Pisano,1027,1033
130,Andrea Pisano,Pisano,1511,1517
131,Andrea Pisano,ANDREA PISANO,8,21
131,Andrea Pisano,ANDREA PISANO,825,838
131,Andrea Pisano,Andrea,338,344
131,Andrea Pisano,Andrea,936,942
131,Andrea Pisano,ANDREA,1067,1073
189,Andrea Pisano,Andrea Pisano,516,529
189,Andrea Pisano,ANDREA,0,6
189,Andrea Pisano,ANDREA,32,38
47,Andrea Tafi,ANDREA TAFI,0,11
47,Andrea Tafi,ANDREA TAFI,20,31
47,Andrea Tafi,Andrea Tafi,292,303
47,Andrea Tafi,Andrea,1197,1203
48,Andrea Tafi,ANDREA TAFI,8,19
49,Andrea Tafi,ANDREA TAFI,8,19
49,Andrea Tafi,Andrea Tafi,41,52
49,Andrea Tafi,Andrea,1881,1887
49,Andrea Tafi,Andrea,2233,2239
50,Andrea Tafi,ANDREA TAFI,8,19
50,Andrea Tafi,Andrea Tafi,593,604
50,Andrea Tafi,Andrea,943,949
50,Andrea Tafi,Andrea,1476,1482
50,Andrea Tafi,Andrea,1910,1916
50,Andrea Tafi,ANDREA,1991,1997
50,Andrea Tafi,Andrea,2110,2116
51,Andrea Tafi,ANDREA TAFI,8,19
51,Andrea Tafi,Andrea Tafi,271,282
51,Andrea Tafi,Andrea Tafi,480,491
51,Andrea Tafi,Andrea Tafi,1228,1239
55,Andrea Tafi,Andrea Tafi,176,187
56,Andrea Tafi,Andrea Tafi,41,52
56,Andrea Tafi,Andrea,81,87
58,Andrea Tafi,Andrea Tafi,632,643
135,Andrea Tafi,Andrea Tafi,161,172
135,Andrea Tafi,Andrea,649,655
135,Andrea Tafi,Andrea,939,945
135,Andrea Tafi,Andrea,1241,1247
135,Andrea Tafi,Andrea,1332,1338
219,Andrea Tafi,Andrea Tafi,1264,1275
189,Andrea di Cione Orcagna,ANDREA DI CIONE ORCAGNA,0,23
189,Andrea di Cione Orcagna,ANDREA DI CIONE ORCAGNA,32,55
189,Andrea di Cione Orcagna,Andrea,516,522
190,Andrea di Cione Orcagna,ANDREA DI CIONE ORCAGNA,8,31
190,Andrea di Cione Orcagna,Andrea,180,186
190,Andrea di Cione Orcagna,Andrea,1126,1132
190,Andrea di Cione Orcagna,di Cione Orcagna,780,796
191,Andrea di Cione Orcagna,ANDREA DI CIONE ORCAGNA,8,31
191,Andrea di Cione Orcagna,Andrea,1076,1082
192,Andrea di Cione Orcagna,ANDREA DI CIONE ORCAGNA,8,31
192,Andrea di Cione Orcagna,ANDREA DI CIONE ORCAGNA,2094,2117
193,Andrea di Cione Orcagna,ANDREA DI CIONE ORCAGNA,8,31
194,Andrea di Cione Orcagna,ANDREA DI CIONE ORCAGNA,8,31
194,Andrea di Cione Orcagna,Andrea,97,103
194,Andrea di Cione Orcagna,Andrea,2117,2123
195,Andrea di Cione Orcagna,ANDREA DI CIONE ORCAGNA,8,31
195,Andrea di Cione Orcagna,Andrea di Cione Orcagna,1191,1214
195,Andrea di Cione Orcagna,ANDREA,1077,1083
196,Andrea di Cione Orcagna,ANDREA DI CIONE ORCAGNA,8,31
196,Andrea di Cione Orcagna,ANDREA,1666,1672
196,Andrea di Cione Orcagna,Andrea,2143,2149
196,Andrea di Cione Orcagna,ANDREA,2241,2247
196,Andrea di Cione Orcagna,ANDREA,2296,2302
197,Andrea di Cione Orcagna,ANDREA DI CIONE ORCAGNA,8,31
197,Andrea di Cione Orcagna,Andrea,483,489
197,Andrea di Cione Orcagna,Andrea,1888,1894
197,Andrea di Cione Orcagna,Andrea,2194,2200
198,Andrea di Cione Orcagna,ANDREA DI CIONE ORCAGNA,8,31
198,Andrea di Cione Orcagna,Andrea,1149,1155
199,Andrea di Cione Orcagna,ANDREA DI CIONE ORCAGNA,8,31
199,Andrea di Cione Orcagna,Andrea,765,771
199,Andrea di Cione Orcagna,Andrea,840,846
162,"Angelico, Fra (Fra Giovanni da Fiesole)",Fra Giovanni da Fiesole,1989,2012
125,Antonio (called Il Carota),Antonio,2309,2316
125,Antonio (called Il Carota),Il Carota,2325,2334
221,Antonio da Ferrara,Antonio da Ferrara,427,445
32,Antonio da San Gallo,Antonio da San Gallo,549,569
47,Apollonio,Apollonio,926,935
49,Apollonio,Apollonio,57,66
49,Apollonio,Apollonio,1928,1937
17,"Aretino, Marchionne",Marchionne Aretino,139,157
17,"Aretino, Marchionne",Marchionne,281,291
17,"Aretino, Marchionne",Marchionne,1723,1733
18,"Aretino, Marchionne",Marchionne,111,121
130,"Aretino, Niccolò",Niccolò Aretino,526,541
67,"Aretino, Spinello",Spinello,651,659
20,"Arnolfo di Lapo (Arnolfo Lapo, Arnolfo Lapi)",ARNOLFO DI LAPO,8,23
20,"Arnolfo di Lapo (Arnolfo Lapo, Arnolfo Lapi)",Arnolfo,1820,1827
20,"Arnolfo di Lapo (Arnolfo Lapo, Arnolfo Lapi)",Arnolfo,1904,1911
21,"Arnolfo di Lapo (Arnolfo Lapo, Arnolfo Lapi)",ARNOLFO DI LAPO,8,23
21,"Arnolfo di Lapo (Arnolfo Lapo, Arnolfo Lapi)",Arnolfo,1771,1778
22,"Arnolfo di Lapo (Arnolfo Lapo, Arnolfo Lapi)",ARNOLFO DI LAPO,8,23
22,"Arnolfo di Lapo (Arnolfo Lapo, Arnolfo Lapi)",Arnolfo,677,684
22,"Arnolfo di Lapo (Arnolfo Lapo, Arnolfo Lapi)",Arnolfo,1150,1157
23,"Arnolfo di Lapo (Arnolfo Lapo, Arnolfo Lapi)",ARNOLFO DI LAPO,8,23
23,"Arnolfo di Lapo (Arnolfo Lapo, Arnolfo Lapi)",Arnolfo,940,947
23,"Arnolfo di Lapo (Arnolfo Lapo, Arnolfo Lapi)",Arnolfo,1087,1094
23,"Arnolfo di Lapo (Arnolfo Lapo, Arnolfo Lapi)",Arnolfo,1386,1393
23,"Arnolfo di Lapo (Arnolfo Lapo, Arnolfo Lapi)",Arnolfo,1574,1581
24,"Arnolfo di Lapo (Arnolfo Lapo, Arnolfo Lapi)",ARNOLFO DI LAPO,8,23
24,"Arnolfo di Lapo (Arnolfo Lapo, Arnolfo Lapi)",Arnolfo di Lapo,217,232
24,"Arnolfo di Lapo (Arnolfo Lapo, Arnolfo Lapi)",Arnolfo,301,308
24,"Arnolfo di Lapo (Arnolfo Lapo, Arnolfo Lapi)",Arnolfo,1268,1275
24,"Arnolfo di Lapo (Arnolfo Lapo, Arnolfo Lapi)",Arnolfo,2406,2413
25,"Arnolfo di Lapo (Arnolfo Lapo, Arnolfo Lapi)",ARNOLFO DI LAPO,8,23
25,"Arnolfo di Lapo (Arnolfo Lapo, Arnolfo Lapi)",Arnolfo,392,399
25,"Arnolfo di Lapo (Arnolfo Lapo, Arnolfo Lapi)",ARNOLFO,1115,1122
25,"Arnolfo di Lapo (Arnolfo Lapo, Arnolfo Lapi)",Arnolfo,1316,1323
25,"Arnolfo di Lapo (Arnolfo Lapo, Arnolfo Lapi)",Arnolfo,1694,1701
25,"Arnolfo di Lapo (Arnolfo Lapo, Arnolfo Lapi)",Arnolfo,2134,2141
26,"Arnolfo di Lapo (Arnolfo Lapo, Arnolfo Lapi)",ARNOLFO DI LAPO,8,23
26,"Arnolfo di Lapo (Arnolfo Lapo, Arnolfo Lapi)",Arnolfo,434,441
8,"Arnolfo di Lapo (Arnolfo Lapo, Arnolfo Lapi)",Arnolfo,1649,1656
13,"Arnolfo di Lapo (Arnolfo Lapo, Arnolfo Lapi)",ARNOLFO DI LAPO,0,15
13,"Arnolfo di Lapo (Arnolfo Lapo, Arnolfo Lapi)",ARNOLFO DI LAPO,24,39
13,"Arnolfo di Lapo (Arnolfo Lapo, Arnolfo Lapi)",Arnolfo,97,104
13,"Arnolfo di Lapo (Arnolfo Lapo, Arnolfo Lapi)",Arnolfo,115,122
13,"Arnolfo di Lapo (Arnolfo Lapo, Arnolfo Lapi)",Arnolfo,562,569
13,"Arnolfo di Lapo (Arnolfo Lapo, Arnolfo Lapi)",Arnolfo,841,848
13,"Arnolfo di Lapo (Arnolfo Lapo, Arnolfo Lapi)",Arnolfo,1159,1166
14,"Arnolfo di Lapo (Arnolfo Lapo, Arnolfo Lapi)",ARNOLFO DI LAPO,8,23
14,"Arnolfo di Lapo (Arnolfo Lapo, Arnolfo Lapi)",Arnolfo,98,105
20,"Arnolfo di Lapo (Arnolfo Lapo, Arnolfo Lapi)",ARNOLFO DI LAPO,8,23
20,"Arnolfo di Lapo (Arnolfo Lapo, Arnolfo Lapi)",Arnolfo,1820,1827
20,"Arnolfo di Lapo (Arnolfo Lapo, Arnolfo Lapi)",Arnolfo,1904,1911
21,"Arnolfo di Lapo (Arnolfo Lapo, Arnolfo Lapi)",ARNOLFO DI LAPO,8,23
21,"Arnolfo di Lapo (Arnolfo Lapo, Arnolfo Lapi)",Arnolfo,1771,1778
22,"Arnolfo di Lapo (Arnolfo Lapo, Arnolfo Lapi)",ARNOLFO DI LAPO,8,23
22,"Arnolfo di Lapo (Arnolfo Lapo, Arnolfo Lapi)",Arnolfo,677,684
22,"Arnolfo di Lapo (Arnolfo Lapo, Arnolfo Lapi)",Arnolfo,1150,1157
23,"Arnolfo di Lapo (Arnolfo Lapo, Arnolfo Lapi)",ARNOLFO DI LAPO,8,23
23,"Arnolfo di Lapo (Arnolfo Lapo, Arnolfo Lapi)",Arnolfo,940,947
23,"Arnolfo di Lapo (Arnolfo Lapo, Arnolfo Lapi)",Arnolfo,1087,1094
23,"Arnolfo di Lapo (Arnolfo Lapo, Arnolfo Lapi)",Arnolfo,1386,1393
23,"Arnolfo di Lapo (Arnolfo Lapo, Arnolfo Lapi)",Arnolfo,1574,1581
24,"Arnolfo di Lapo (Arnolfo Lapo, Arnolfo Lapi)",ARNOLFO DI LAPO,8,23
24,"Arnolfo di Lapo (Arnolfo Lapo, Arnolfo Lapi)",Arnolfo di Lapo,217,232
24,"Arnolfo di Lapo (Arnolfo Lapo, Arnolfo Lapi)",Arnolfo,301,308
24,"Arnolfo di Lapo (Arnolfo Lapo, Arnolfo Lapi)",Arnolfo,1268,1275
24,"Arnolfo di Lapo (Arnolfo Lapo, Arnolfo Lapi)",Arnolfo,2406,2413
25,"Arnolfo di Lapo (Arnolfo Lapo, Arnolfo Lapi)",ARNOLFO DI LAPO,8,23
25,"Arnolfo di Lapo (Arnolfo Lapo, Arnolfo Lapi)",Arnolfo,392,399
25,"Arnolfo di Lapo (Arnolfo Lapo, Arnolfo Lapi)",ARNOLFO,1115,1122
25,"Arnolfo di Lapo (Arnolfo Lapo, Arnolfo Lapi)",Arnolfo,1316,1323
25,"Arnolfo di Lapo (Arnolfo Lapo, Arnolfo Lapi)",Arnolfo,1694,1701
25,"Arnolfo di Lapo (Arnolfo Lapo, Arnolfo Lapi)",Arnolfo,2134,2141
26,"Arnolfo di Lapo (Arnolfo Lapo, Arnolfo Lapi)",ARNOLFO DI LAPO,8,23
26,"Arnolfo di Lapo (Arnolfo Lapo, Arnolfo Lapi)",Arnolfo,434,441
29,"Arnolfo di Lapo (Arnolfo Lapo, Arnolfo Lapi)",Arnolfo di Lapo,228,243
30,"Arnolfo di Lapo (Arnolfo Lapo, Arnolfo Lapi)",Arnolfo,737,744
33,"Arnolfo di Lapo (Arnolfo Lapo, Arnolfo Lapi)",Arnolfo,1185,1192
39,"Arnolfo di Lapo (Arnolfo Lapo, Arnolfo Lapi)",Arnolfo,1360,1367
65,"Arnolfo di Lapo (Arnolfo Lapo, Arnolfo Lapi)",Arnolfo,155,162
126,"Arnolfo di Lapo (Arnolfo Lapo, Arnolfo Lapi)",Arnolfo,660,667
170,"Arnolfo di Lapo (Arnolfo Lapo, Arnolfo Lapi)",Arnolfo,555,562
174,"Arnolfo di Lapo (Arnolfo Lapo, Arnolfo Lapi)",Arnolfo,612,619
180,"Arnolfo di Lapo (Arnolfo Lapo, Arnolfo Lapi)",Arnolfo,675,682
120,Bartolommeo Bologhini,Bartolommeo Bologhini,1654,1675
120,Bartolommeo Bologhini,Bartolommeo Bologhini,2178,2199
94,Benedetto da Maiano,Benedetto da Maiano,1154,1173
197,Bernardo Nello di Giovanni Falconi,Bernardo Nello di Giovanni Falconi,1912,1946
189,Bernardo di Cione Orcagna,Bernardo,934,942
189,Bernardo di Cione Orcagna,Bernardo,975,983
189,Bernardo di Cione Orcagna,Bernardo,1746,1754
189,Bernardo di Cione Orcagna,DI CIONE ORCAGNA,7,23
189,Bernardo di Cione Orcagna,DI CIONE ORCAGNA,39,55
190,Bernardo di Cione Orcagna,Bernardo di Cione Orcagna,771,796
190,Bernardo di Cione Orcagna,Bernardo,289,297
190,Bernardo di Cione Orcagna,Bernardo,494,502
190,Bernardo di Cione Orcagna,DI CIONE ORCAGNA,15,31
193,Bernardo di Cione Orcagna,Bernardo,188,196
193,Bernardo di Cione Orcagna,DI CIONE ORCAGNA,15,31
194,Bernardo di Cione Orcagna,Bernardo,87,95
194,Bernardo di Cione Orcagna,DI CIONE ORCAGNA,15,31
195,Bernardo di Cione Orcagna,Bernardo,876,884
195,Bernardo di Cione Orcagna,DI CIONE ORCAGNA,15,31
195,Bernardo di Cione Orcagna,di Cione Orcagna,1198,1214
197,Bernardo di Cione Orcagna,Bernardo,384,392
197,Bernardo di Cione Orcagna,Bernardo,1912,1920
197,Bernardo di Cione Orcagna,DI CIONE ORCAGNA,15,31
79,"Bolognese, Franco",Franco Bolognese,1613,1629
79,"Bolognese, Franco",Franco Bolognese,2272,2288
15,Bonanno,Bonanno,1191,1198
16,Bonanno,Bonanno,800,807
32,Bramante da Urbino,Bramante,487,495
22,"Brunelleschi, Filippo (Filippo di Ser Brunellesco)",Filippo,2119,2126
23,"Brunelleschi, Filippo (Filippo di Ser Brunellesco)",Filippo,1410,1417
26,"Brunelleschi, Filippo (Filippo di Ser Brunellesco)",Filippo,47,54
48,"Brunelleschi, Filippo (Filippo di Ser Brunellesco)",Filippo,268,275
130,"Brunelleschi, Filippo (Filippo di Ser Brunellesco)",Filippo,585,592
135,Bruno di Giovanni,Bruno,293,298
145,Bruno di Giovanni,Bruno di Giovanni,501,518
145,Bruno di Giovanni,Bruno,588,593
145,Bruno di Giovanni,Bruno,1331,1336
145,Bruno di Giovanni,Bruno,1818,1823
147,Bruno di Giovanni,Bruno,688,693
147,Bruno di Giovanni,Bruno,837,842
147,Bruno di Giovanni,Bruno,1167,1172
148,Bruno di Giovanni,Bruno,205,210
191,Bruno di Giovanni,Bruno,1696,1701
135,"Buffalmacco, Buonamico",BUONAMICO BUFFALMACCO,0,21
135,"Buffalmacco, Buonamico",BUONAMICO BUFFALMACCO,30,51
135,"Buffalmacco, Buonamico",Buonamico,73,82
135,"Buffalmacco, Buonamico",Buonamico,837,846
135,"Buffalmacco, Buonamico",Buonamico,1851,1860
135,"Buffalmacco, Buonamico",Buffalmacco,105,116
135,"Buffalmacco, Buonamico",Buffalmacco,605,616
135,"Buffalmacco, Buonamico",Buffalmacco,1423,1434
135,"Buffalmacco, Buonamico",Buffalmacco,1729,1740
136,"Buffalmacco, Buonamico",BUONAMICO BUFFALMACCO,8,29
136,"Buffalmacco, Buonamico",Buonamico,51,60
136,"Buffalmacco, Buonamico",Buonamico,357,366
136,"Buffalmacco, Buonamico",Buonamico,678,687
136,"Buffalmacco, Buonamico",Buonamico,772,781
136,"Buffalmacco, Buonamico",Buonamico,811,820
136,"Buffalmacco, Buonamico",Buffalmacco,1515,1526
136,"Buffalmacco, Buonamico",Buffalmacco,1895,1906
136,"Buffalmacco, Buonamico",Buffalmacco,2270,2281
137,"Buffalmacco, Buonamico",BUONAMICO BUFFALMACCO,8,29
137,"Buffalmacco, Buonamico",Buonamico,529,538
137,"Buffalmacco, Buonamico",Buffalmacco,56,67
137,"Buffalmacco, Buonamico",Buffalmacco,299,310
137,"Buffalmacco, Buonamico",Buffalmacco,453,464
137,"Buffalmacco, Buonamico",Buffalmacco,1953,1964
138,"Buffalmacco, Buonamico",BUONAMICO BUFFALMACCO,8,29
138,"Buffalmacco, Buonamico",Buonamico,378,387
138,"Buffalmacco, Buonamico",Buonamico,1719,1728
138,"Buffalmacco, Buonamico",Buffalmacco,635,646
138,"Buffalmacco, Buonamico",Buffalmacco,752,763
138,"Buffalmacco, Buonamico",Buffalmacco,1810,1821
139,"Buffalmacco, Buonamico",BUONAMICO BUFFALMACCO,8,29
139,"Buffalmacco, Buonamico",Buonamico,107,116
139,"Buffalmacco, Buonamico",Buonamico,1128,1137
139,"Buffalmacco, Buonamico",Buonamico,1571,1580
139,"Buffalmacco, Buonamico",Buonamico,2038,2047
140,"Buffalmacco, Buonamico",BUONAMICO BUFFALMACCO,8,29
140,"Buffalmacco, Buonamico",Buonamico,877,886
140,"Buffalmacco, Buonamico",Buonamico,1745,1754
140,"Buffalmacco, Buonamico",Buffalmacco,1435,1446
140,"Buffalmacco, Buonamico",Buffalmacco,2211,2222
141,"Buffalmacco, Buonamico",BUONAMICO BUFFALMACCO,8,29
141,"Buffalmacco, Buonamico",Buonamico,1072,1081
141,"Buffalmacco, Buonamico",Buonamico,1677,1686
141,"Buffalmacco, Buonamico",Buonamico,1835,1844
141,"Buffalmacco, Buonamico",Buonamico,2184,2193
142,"Buffalmacco, Buonamico",BUONAMICO BUFFALMACCO,8,29
142,"Buffalmacco, Buonamico",Buonamico,73,82
142,"Buffalmacco, Buonamico",Buonamico,371,380
142,"Buffalmacco, Buonamico",Buonamico,957,966
142,"Buffalmacco, Buonamico",Buonamico,1411,1420
142,"Buffalmacco, Buonamico",Buonamico,2092,2101
142,"Buffalmacco, Buonamico",Buonamico,2257,2266
143,"Buffalmacco, Buonamico",BUONAMICO BUFFALMACCO,8,29
143,"Buffalmacco, Buonamico",Buonamico,920,929
143,"Buffalmacco, Buonamico",Buonamico,1103,1112
143,"Buffalmacco, Buonamico",Buonamico,2235,2244
143,"Buffalmacco, Buonamico",Buonamico,2358,2367
143,"Buffalmacco, Buonamico",Buffalmacco,1470,1481
144,"Buffalmacco, Buonamico",BUONAMICO BUFFALMACCO,8,29
144,"Buffalmacco, Buonamico",Buonamico,252,261
144,"Buffalmacco, Buonamico",Buonamico,662,671
144,"Buffalmacco, Buonamico",Buonamico,1362,1371
144,"Buffalmacco, Buonamico",Buonamico,1864,1873
145,"Buffalmacco, Buonamico",BUONAMICO BUFFALMACCO,8,29
145,"Buffalmacco, Buonamico",Buonamico,67,76
145,"Buffalmacco, Buonamico",Buonamico,257,266
145,"Buffalmacco, Buonamico",Buonamico,474,483
145,"Buffalmacco, Buonamico",Buonamico,1430,1439
145,"Buffalmacco, Buonamico",Buonamico,1703,1712
145,"Buffalmacco, Buonamico",Buonamico,2255,2264
146,"Buffalmacco, Buonamico",BUONAMICO BUFFALMACCO,8,29
146,"Buffalmacco, Buonamico",Buonamico,550,559
146,"Buffalmacco, Buonamico",Buonamico,1656,1665
147,"Buffalmacco, Buonamico",BUONAMICO BUFFALMACCO,8,29
147,"Buffalmacco, Buonamico",Buonamico,142,151
147,"Buffalmacco, Buonamico",Buonamico,877,886
147,"Buffalmacco, Buonamico",Buonamico,1747,1756
148,"Buffalmacco, Buonamico",BUONAMICO BUFFALMACCO,8,29
148,"Buffalmacco, Buonamico",Buonamico,257,266
148,"Buffalmacco, Buonamico",Buonamico,470,479
148,"Buffalmacco, Buonamico",Buonamico,1210,1219
148,"Buffalmacco, Buonamico",Buonamico,1320,1329
148,"Buffalmacco, Buonamico",Buonamico,2118,2127
149,"Buffalmacco, Buonamico",BUONAMICO BUFFALMACCO,8,29
149,"Buffalmacco, Buonamico",Buonamico,212,221
149,"Buffalmacco, Buonamico",Buonamico,263,272
149,"Buffalmacco, Buonamico",Buonamico,492,501
149,"Buffalmacco, Buonamico",Buonamico,1058,1067
149,"Buffalmacco, Buonamico",Buonamico,1713,1722
149,"Buffalmacco, Buonamico",Buonamico,2112,2121
149,"Buffalmacco, Buonamico",Buonamico,2270,2279
150,"Buffalmacco, Buonamico",BUONAMICO BUFFALMACCO,8,29
150,"Buffalmacco, Buonamico",Buonamico Buffalmacco,2243,2264
150,"Buffalmacco, Buonamico",Buonamico,702,711
150,"Buffalmacco, Buonamico",Buonamico,960,969
150,"Buffalmacco, Buonamico",Buonamico,1003,1012
150,"Buffalmacco, Buonamico",Buonamico,1385,1394
150,"Buffalmacco, Buonamico",Buonamico,1823,1832
151,"Buffalmacco, Buonamico",BUONAMICO BUFFALMACCO,8,29
50,"Buffalmacco, Buonamico",Buonamico Buffalmacco,2121,2142
135,"Buffalmacco, Buonamico",BUONAMICO BUFFALMACCO,0,21
135,"Buffalmacco, Buonamico",BUONAMICO BUFFALMACCO,30,51
135,"Buffalmacco, Buonamico",Buonamico,73,82
135,"Buffalmacco, Buonamico",Buonamico,837,846
135,"Buffalmacco, Buonamico",Buonamico,1851,1860
135,"Buffalmacco, Buonamico",Buffalmacco,105,116
135,"Buffalmacco, Buonamico",Buffalmacco,605,616
135,"Buffalmacco, Buonamico",Buffalmacco,1423,1434
135,"Buffalmacco, Buonamico",Buffalmacco,1729,1740
136,"Buffalmacco, Buonamico",BUONAMICO BUFFALMACCO,8,29
136,"Buffalmacco, Buonamico",Buonamico,51,60
136,"Buffalmacco, Buonamico",Buonamico,357,366
136,"Buffalmacco, Buonamico",Buonamico,678,687
136,"Buffalmacco, Buonamico",Buonamico,772,781
136,"Buffalmacco, Buonamico",Buonamico,811,820
136,"Buffalmacco, Buonamico",Buffalmacco,1515,1526
136,"Buffalmacco, Buonamico",Buffalmacco,1895,1906
136,"Buffalmacco, Buonamico",Buffalmacco,2270,2281
137,"Buffalmacco, Buonamico",BUONAMICO BUFFALMACCO,8,29
137,"Buffalmacco, Buonamico",Buonamico,529,538
137,"Buffalmacco, Buonamico",Buffalmacco,56,67
137,"Buffalmacco, Buonamico",Buffalmacco,299,310
137,"Buffalmacco, Buonamico",Buffalmacco,453,464
137,"Buffalmacco, Buonamico",Buffalmacco,1953,1964
138,"Buffalmacco, Buonamico",BUONAMICO BUFFALMACCO,8,29
138,"Buffalmacco, Buonamico",Buonamico,378,387
138,"Buffalmacco, Buonamico",Buonamico,1719,1728
138,"Buffalmacco, Buonamico",Buffalmacco,635,646
138,"Buffalmacco, Buonamico",Buffalmacco,752,763
138,"Buffalmacco, Buonamico",Buffalmacco,1810,1821
139,"Buffalmacco, Buonamico",BUONAMICO BUFFALMACCO,8,29
139,"Buffalmacco, Buonamico",Buonamico,107,116
139,"Buffalmacco, Buonamico",Buonamico,1128,1137
139,"Buffalmacco, Buonamico",Buonamico,1571,1580
139,"Buffalmacco, Buonamico",Buonamico,2038,2047
140,"Buffalmacco, Buonamico",BUONAMICO BUFFALMACCO,8,29
140,"Buffalmacco, Buonamico",Buonamico,877,886
140,"Buffalmacco, Buonamico",Buonamico,1745,1754
140,"Buffalmacco, Buonamico",Buffalmacco,1435,1446
140,"Buffalmacco, Buonamico",Buffalmacco,2211,2222
141,"Buffalmacco, Buonamico",BUONAMICO BUFFALMACCO,8,29
141,"Buffalmacco, Buonamico",Buonamico,1072,1081
141,"Buffalmacco, Buonamico",Buonamico,1677,1686
141,"Buffalmacco, Buonamico",Buonamico,1835,1844
141,"Buffalmacco, Buonamico",Buonamico,2184,2193
142,"Buffalmacco, Buonamico",BUONAMICO BUFFALMACCO,8,29
142,"Buffalmacco, Buonamico",Buonamico,73,82
142,"Buffalmacco, Buonamico",Buonamico,371,380
142,"Buffalmacco, Buonamico",Buonamico,957,966
142,"Buffalmacco, Buonamico",Buonamico,1411,1420
142,"Buffalmacco, Buonamico",Buonamico,2092,2101
142,"Buffalmacco, Buonamico",Buonamico,2257,2266
143,"Buffalmacco, Buonamico",BUONAMICO BUFFALMACCO,8,29
143,"Buffalmacco, Buonamico",Buonamico,920,929
143,"Buffalmacco, Buonamico",Buonamico,1103,1112
143,"Buffalmacco, Buonamico",Buonamico,2235,2244
143,"Buffalmacco, Buonamico",Buonamico,2358,2367
143,"Buffalmacco, Buonamico",Buffalmacco,1470,1481
144,"Buffalmacco, Buonamico",BUONAMICO BUFFALMACCO,8,29
144,"Buffalmacco, Buonamico",Buonamico,252,261
144,"Buffalmacco, Buonamico",Buonamico,662,671
144,"Buffalmacco, Buonamico",Buonamico,1362,1371
144,"Buffalmacco, Buonamico",Buonamico,1864,1873
145,"Buffalmacco, Buonamico",BUONAMICO BUFFALMACCO,8,29
145,"Buffalmacco, Buonamico",Buonamico,67,76
145,"Buffalmacco, Buonamico",Buonamico,257,266
145,"Buffalmacco, Buonamico",Buonamico,474,483
145,"Buffalmacco, Buonamico",Buonamico,1430,1439
145,"Buffalmacco, Buonamico",Buonamico,1703,1712
145,"Buffalmacco, Buonamico",Buonamico,2255,2264
146,"Buffalmacco, Buonamico",BUONAMICO BUFFALMACCO,8,29
146,"Buffalmacco, Buonamico",Buonamico,550,559
146,"Buffalmacco, Buonamico",Buonamico,1656,1665
147,"Buffalmacco, Buonamico",BUONAMICO BUFFALMACCO,8,29
147,"Buffalmacco, Buonamico",Buonamico,142,151
147,"Buffalmacco, Buonamico",Buonamico,877,886
147,"Buffalmacco, Buonamico",Buonamico,1747,1756
148,"Buffalmacco, Buonamico",BUONAMICO BUFFALMACCO,8,29
148,"Buffalmacco, Buonamico",Buonamico,257,266
148,"Buffalmacco, Buonamico",Buonamico,470,479
148,"Buffalmacco, Buonamico",Buonamico,1210,1219
148,"Buffalmacco, Buonamico",Buonamico,1320,1329
148,"Buffalmacco, Buonamico",Buonamico,2118,2127
149,"Buffalmacco, Buonamico",BUONAMICO BUFFALMACCO,8,29
149,"Buffalmacco, Buonamico",Buonamico,212,221
149,"Buffalmacco, Buonamico",Buonamico,263,272
149,"Buffalmacco, Buonamico",Buonamico,492,501
149,"Buffalmacco, Buonamico",Buonamico,1058,1067
149,"Buffalmacco, Buonamico",Buonamico,1713,1722
149,"Buffalmacco, Buonamico",Buonamico,2112,2121
149,"Buffalmacco, Buonamico",Buonamico,2270,2279
150,"Buffalmacco, Buonamico",BUONAMICO BUFFALMACCO,8,29
150,"Buffalmacco, Buonamico",Buonamico Buffalmacco,2243,2264
150,"Buffalmacco, Buonamico",Buonamico,702,711
150,"Buffalmacco, Buonamico",Buonamico,960,969
150,"Buffalmacco, Buonamico",Buonamico,1003,1012
150,"Buffalmacco, Buonamico",Buonamico,1385,1394
150,"Buffalmacco, Buonamico",Buonamico,1823,1832
151,"Buffalmacco, Buonamico",BUONAMICO BUFFALMACCO,8,29
170,"Buffalmacco, Buonamico",Buonamico,2102,2111
190,"Buffalmacco, Buonamico",Buffalmacco,1060,1071
190,"Buffalmacco, Buonamico",Buffalmacco,1280,1291
191,"Buffalmacco, Buonamico",Buffalmacco,1649,1660
211,"Buffalmacco, Buonamico",Buonamico Buffalmacco,1238,1259
211,"Buffalmacco, Buonamico",Buffalmacco,1440,1451
87,"Buonarroti, Michelagnolo",Michelagnolo Buonarroti,273,296
14,Buono,Buono,996,1001
14,Buono,Buono,2336,2341
15,Buono,Buono,626,631
135,Calandrino,Calandrino,303,313
59,"Campi, Fra Ristoro da",Fra Ristoro da Campi,296,316
85,"Capanna, Puccio",Puccio Capanna,1305,1319
89,"Capanna, Puccio",Puccio Capanna,1999,2013
89,"Capanna, Puccio",Puccio,2263,2269
90,"Capanna, Puccio",Puccio,997,1003
90,"Capanna, Puccio",PUCCIO,1135,1141
90,"Capanna, Puccio",Puccio,1896,1902
125,"Carota (Antonio, called Il Carota)",Carota,2328,2334
125,"Carota (Antonio, called Il Carota)",Antonio,2309,2316
183,"Casentino, Jacopo di",Jacopo di Casentino,803,822
185,"Casentino, Jacopo di",Jacopo di Casentino,1295,1314
161,"Cavallini, Pietro",PIETRO CAVALLINI,0,16
161,"Cavallini, Pietro",PIETRO CAVALLINI,25,41
161,"Cavallini, Pietro",Pietro Cavallini,244,260
161,"Cavallini, Pietro",Pietro,512,518
161,"Cavallini, Pietro",Pietro,1870,1876
162,"Cavallini, Pietro",PIETRO CAVALLINI,8,24
162,"Cavallini, Pietro",Pietro,1114,1120
162,"Cavallini, Pietro",Pietro,1736,1742
163,"Cavallini, Pietro",PIETRO CAVALLINI,8,24
163,"Cavallini, Pietro",Pietro Cavallini,216,232
163,"Cavallini, Pietro",Pietro,1611,1617
163,"Cavallini, Pietro",Pietro,1801,1807
163,"Cavallini, Pietro",Pietro,2124,2130
163,"Cavallini, Pietro",Pietro,2390,2396
164,"Cavallini, Pietro",PIETRO CAVALLINI,8,24
164,"Cavallini, Pietro",Pietro Cavallini,1651,1667
164,"Cavallini, Pietro",Pietro Cavallini,2306,2322
164,"Cavallini, Pietro",Pietro,351,357
164,"Cavallini, Pietro",Pietro,401,407
164,"Cavallini, Pietro",Pietro,1308,1314
92,"Cavallini, Pietro",Pietro Cavallini,323,339
92,"Cavallini, Pietro",Pietro,255,261
177,"Cennini, Cennino di Drea",Cennino di Drea Cennini,930,953
221,"Cennini, Cennino di Drea",Cennino di Drea Cennini,1501,1524
222,"Cennini, Cennino di Drea",Cennino di Drea Cennini,1215,1238
222,"Cennini, Cennino di Drea",Cennino,1119,1126
222,"Cennini, Cennino di Drea",Cennino,1681,1688
3,"Cimabue, Giovanni",GIOVANNI CIMABUE,8,24
3,"Cimabue, Giovanni",Giovanni,443,451
3,"Cimabue, Giovanni",Cimabue,462,469
3,"Cimabue, Giovanni",Cimabue,511,518
3,"Cimabue, Giovanni",Cimabue,804,811
3,"Cimabue, Giovanni",Cimabue,1543,1550
4,"Cimabue, Giovanni",GIOVANNI CIMABUE,8,24
5,"Cimabue, Giovanni",GIOVANNI CIMABUE,8,24
5,"Cimabue, Giovanni",Cimabue,723,730
5,"Cimabue, Giovanni",Cimabue,1409,1416
5,"Cimabue, Giovanni",Cimabue,2179,2186
6,"Cimabue, Giovanni",GIOVANNI CIMABUE,8,24
6,"Cimabue, Giovanni",Cimabue,1052,1059
7,"Cimabue, Giovanni",GIOVANNI CIMABUE,8,24
7,"Cimabue, Giovanni",Giovanni,618,626
7,"Cimabue, Giovanni",Cimabue,370,377
7,"Cimabue, Giovanni",Cimabue,1240,1247
7,"Cimabue, Giovanni",Cimabue,2248,2255
7,"Cimabue, Giovanni",Cimabue,2435,2442
8,"Cimabue, Giovanni",GIOVANNI CIMABUE,8,24
8,"Cimabue, Giovanni",Cimabue,81,88
8,"Cimabue, Giovanni",Cimabue,749,756
8,"Cimabue, Giovanni",Cimabue,1325,1332
8,"Cimabue, Giovanni",Cimabue,1535,1542
8,"Cimabue, Giovanni",Cimabue,2002,2009
8,"Cimabue, Giovanni",Cimabue,2062,2069
8,"Cimabue, Giovanni",Cimabue,2287,2294
8,"Cimabue, Giovanni",Cimabue,2406,2413
8,"Cimabue, Giovanni",Cimabue,2670,2677
8,"Cimabue, Giovanni",Cimabue,2985,2992
8,"Cimabue, Giovanni",Cimabue,3018,3025
8,"Cimabue, Giovanni",Cimabue,4097,4104
8,"Cimabue, Giovanni",Cimabue,4241,4248
9,"Cimabue, Giovanni",GIOVANNI CIMABUE,8,24
9,"Cimabue, Giovanni",Cimabue,496,503
9,"Cimabue, Giovanni",Cimabue,1146,1153
10,"Cimabue, Giovanni",GIOVANNI CIMABUE,8,24
10,"Cimabue, Giovanni",CIMABUE,46,53
3,"Cimabue, Giovanni",GIOVANNI CIMABUE,8,24
3,"Cimabue, Giovanni",Giovanni,443,451
3,"Cimabue, Giovanni",Cimabue,462,469
3,"Cimabue, Giovanni",Cimabue,511,518
3,"Cimabue, Giovanni",Cimabue,804,811
3,"Cimabue, Giovanni",Cimabue,1543,1550
4,"Cimabue, Giovanni",GIOVANNI CIMABUE,8,24
5,"Cimabue, Giovanni",GIOVANNI CIMABUE,8,24
5,"Cimabue, Giovanni",Cimabue,723,730
5,"Cimabue, Giovanni",Cimabue,1409,1416
5,"Cimabue, Giovanni",Cimabue,2179,2186
6,"Cimabue, Giovanni",GIOVANNI CIMABUE,8,24
6,"Cimabue, Giovanni",Cimabue,1052,1059
7,"Cimabue, Giovanni",GIOVANNI CIMABUE,8,24
7,"Cimabue, Giovanni",Giovanni,618,626
7,"Cimabue, Giovanni",Cimabue,370,377
7,"Cimabue, Giovanni",Cimabue,1240,1247
7,"Cimabue, Giovanni",Cimabue,2248,2255
7,"Cimabue, Giovanni",Cimabue,2435,2442
8,"Cimabue, Giovanni",GIOVANNI CIMABUE,8,24
8,"Cimabue, Giovanni",Cimabue,81,88
8,"Cimabue, Giovanni",Cimabue,749,756
8,"Cimabue, Giovanni",Cimabue,1325,1332
8,"Cimabue, Giovanni",Cimabue,1535,1542
8,"Cimabue, Giovanni",Cimabue,2002,2009
8,"Cimabue, Giovanni",Cimabue,2062,2069
8,"Cimabue, Giovanni",Cimabue,2287,2294
8,"Cimabue, Giovanni",Cimabue,2406,2413
8,"Cimabue, Giovanni",Cimabue,2670,2677
8,"Cimabue, Giovanni",Cimabue,2985,2992
8,"Cimabue, Giovanni",Cimabue,3018,3025
8,"Cimabue, Giovanni",Cimabue,4097,4104
8,"Cimabue, Giovanni",Cimabue,4241,4248
9,"Cimabue, Giovanni",GIOVANNI CIMABUE,8,24
9,"Cimabue, Giovanni",Cimabue,496,503
9,"Cimabue, Giovanni",Cimabue,1146,1153
10,"Cimabue, Giovanni",GIOVANNI CIMABUE,8,24
10,"Cimabue, Giovanni",CIMABUE,46,53
20,"Cimabue, Giovanni",Giovanni,1333,1341
20,"Cimabue, Giovanni",Cimabue,2008,2015
21,"Cimabue, Giovanni",Giovanni,1342,1350
21,"Cimabue, Giovanni",Cimabue,110,117
29,"Cimabue, Giovanni",GIOVANNI,12,20
29,"Cimabue, Giovanni",GIOVANNI,49,57
29,"Cimabue, Giovanni",GIOVANNI,87,95
29,"Cimabue, Giovanni",Giovanni,280,288
29,"Cimabue, Giovanni",Giovanni,934,942
29,"Cimabue, Giovanni",Cimabue,189,196
47,"Cimabue, Giovanni",Giovanni,1112,1120
47,"Cimabue, Giovanni",Giovanni,1354,1362
47,"Cimabue, Giovanni",Cimabue,74,81
50,"Cimabue, Giovanni",Giovanni,156,164
50,"Cimabue, Giovanni",Giovanni,405,413
50,"Cimabue, Giovanni",Cimabue,954,961
50,"Cimabue, Giovanni",Cimabue,1100,1107
50,"Cimabue, Giovanni",Cimabue,1523,1530
55,"Cimabue, Giovanni",Cimabue,321,328
55,"Cimabue, Giovanni",Cimabue,1819,1826
56,"Cimabue, Giovanni",Giovanni,151,159
56,"Cimabue, Giovanni",Cimabue,570,577
58,"Cimabue, Giovanni",Giovanni,1343,1351
58,"Cimabue, Giovanni",Giovanni,1696,1704
58,"Cimabue, Giovanni",Cimabue,744,751
63,"Cimabue, Giovanni",Cimabue,161,168
72,"Cimabue, Giovanni",Giovanni,1499,1507
72,"Cimabue, Giovanni",Cimabue,98,105
72,"Cimabue, Giovanni",Cimabue,403,410
72,"Cimabue, Giovanni",Cimabue,561,568
72,"Cimabue, Giovanni",Cimabue,776,783
74,"Cimabue, Giovanni",Giovanni,667,675
74,"Cimabue, Giovanni",Giovanni,1780,1788
74,"Cimabue, Giovanni",Cimabue,1283,1290
89,"Cimabue, Giovanni",Cimabue,1631,1638
94,"Cimabue, Giovanni",Cimabue,121,128
94,"Cimabue, Giovanni",Cimabue,178,185
113,"Cimabue, Giovanni",Cimabue,1354,1361
117,"Cimabue, Giovanni",Cimabue,703,710
145,"Cimabue, Giovanni",Giovanni,510,518
145,"Cimabue, Giovanni",Cimabue,1774,1781
174,"Cimabue, Giovanni",Giovanni,1077,1085
174,"Cimabue, Giovanni",Cimabue,575,582
103,Cione,Cione,1719,1724
103,Cione,Cione,2186,2191
104,Cione,Cione,229,234
104,Cione,Cione,1066,1071
48,"Como, Guido da",Guido da Como,1556,1569
48,"Como, Guido da",GUIDO,1746,1751
36,"Danti, Vincenzio",Vincenzio Danti,1437,1452
112,Domenico Ghirlandajo,Domenico,1919,1927
112,Domenico Ghirlandajo,Ghirlandajo,1932,1943
126,Domenico Ghirlandajo,Domenico Ghirlandajo,49,69
189,Domenico Ghirlandajo,Domenico Ghirlandajo,1491,1511
48,Donato (Donatello),Donatello,299,308
130,Donato (Donatello),Donatello,574,583
178,Donato (Donatello),Donato,746,752
91,"Faenza, Ottaviano da",Ottaviano da Faenza,1001,1020
91,"Faenza, Ottaviano da",da Faenza,1336,1345
91,"Faenza, Pace da",Pace da Faenza,1331,1345
91,"Faenza, Pace da",Pace,1508,1512
91,"Faenza, Pace da",da Faenza,1011,1020
162,"Fiesole, Fra Giovanni da (called Fra Angelico)",Fra Giovanni da Fiesole,1989,2012
130,"Fonte, Jacopo della (Jacopo della Quercia)",Jacopo,543,549
130,"Fonte, Jacopo della (Jacopo della Quercia)",Jacopo,2075,2081
92,"Forlì, Guglielmo da",Guglielmo,62,71
104,Forzore di Spinello,Forzore di Spinello,273,292
59,Fra Giovanni,Giovanni,268,276
59,Fra Giovanni,Giovanni,1716,1724
49,Fra Jacopo da Turrita,Fra Jacopo da Turrita,2421,2442
56,Fra Jacopo da Turrita,Fra Jacopo da Turrita,1396,1417
91,Francesco (called di Maestro Giotto),Francesco,1195,1204
91,Francesco (called di Maestro Giotto),Francesco,1616,1625
91,Francesco (called di Maestro Giotto),Francesco,2235,2244
198,Francesco Traini,Francesco Traini,1485,1501
199,Francesco Traini,Francesco Traini,706,722
199,Francesco Traini,Francesco Traini,961,977
30,Fuccio,Fuccio,779,785
30,Fuccio,Fuccio,1309,1315
30,Fuccio,Fuccio,1963,1969
55,"Gaddi, Gaddo",GADDO GADDI,0,11
55,"Gaddi, Gaddo",GADDO GADDI,20,31
55,"Gaddi, Gaddo",Gaddo,53,58
55,"Gaddi, Gaddo",Gaddo,1809,1814
56,"Gaddi, Gaddo",GADDO GADDI,8,19
56,"Gaddi, Gaddo",Gaddo,57,62
56,"Gaddi, Gaddo",Gaddo,172,177
56,"Gaddi, Gaddo",Gaddo,1183,1188
57,"Gaddi, Gaddo",GADDO GADDI,8,19
57,"Gaddi, Gaddo",Gaddo Gaddi,840,851
57,"Gaddi, Gaddo",Gaddo,49,54
57,"Gaddi, Gaddo",Gaddo,428,433
57,"Gaddi, Gaddo",Gaddo,1329,1334
57,"Gaddi, Gaddo",Gaddo,1618,1623
57,"Gaddi, Gaddo",Gaddo,1947,1952
58,"Gaddi, Gaddo",GADDO GADDI,8,19
58,"Gaddi, Gaddo",Gaddo Gaddi,912,923
58,"Gaddi, Gaddo",Gaddo,550,555
58,"Gaddi, Gaddo",Gaddo,705,710
50,"Gaddi, Gaddo",Gaddo Gaddi,612,623
50,"Gaddi, Gaddo",Gaddo Gaddi,1745,1756
55,"Gaddi, Gaddo",GADDO GADDI,0,11
55,"Gaddi, Gaddo",GADDO GADDI,20,31
55,"Gaddi, Gaddo",Gaddo,53,58
55,"Gaddi, Gaddo",Gaddo,1809,1814
56,"Gaddi, Gaddo",GADDO GADDI,8,19
56,"Gaddi, Gaddo",Gaddo,57,62
56,"Gaddi, Gaddo",Gaddo,172,177
56,"Gaddi, Gaddo",Gaddo,1183,1188
57,"Gaddi, Gaddo",GADDO GADDI,8,19
57,"Gaddi, Gaddo",Gaddo Gaddi,840,851
57,"Gaddi, Gaddo",Gaddo,49,54
57,"Gaddi, Gaddo",Gaddo,428,433
57,"Gaddi, Gaddo",Gaddo,1329,1334
57,"Gaddi, Gaddo",Gaddo,1618,1623
57,"Gaddi, Gaddo",Gaddo,1947,1952
58,"Gaddi, Gaddo",GADDO GADDI,8,19
58,"Gaddi, Gaddo",Gaddo Gaddi,912,923
58,"Gaddi, Gaddo",Gaddo,550,555
58,"Gaddi, Gaddo",Gaddo,705,710
177,"Gaddi, Gaddo",Gaddo Gaddi,753,764
177,"Gaddi, Gaddo",Gaddo,903,908
177,"Gaddi, Gaddo",GADDI,7,12
177,"Gaddi, Gaddo",GADDI,28,33
177,"Gaddi, Gaddo",Gaddi,705,710
186,"Gaddi, Gaddo",Gaddo,332,337
186,"Gaddi, Gaddo",GADDI,15,20
217,"Gaddi, Gaddo",Gaddo,629,634
217,"Gaddi, Gaddo",GADDI,7,12
217,"Gaddi, Gaddo",GADDI,28,33
217,"Gaddi, Gaddo",Gaddi,180,185
217,"Gaddi, Gaddo",Gaddi,490,495
219,"Gaddi, Gaddo",Gaddo,893,898
219,"Gaddi, Gaddo",GADDI,15,20
219,"Gaddi, Gaddo",Gaddi,628,633
221,"Gaddi, Gaddo",Gaddo,1217,1222
221,"Gaddi, Gaddo",GADDI,15,20
221,"Gaddi, Gaddo",Gaddi,1126,1131
185,"Gaddi, Giovanni",Giovanni,1232,1240
185,"Gaddi, Giovanni",Giovanni,1339,1347
185,"Gaddi, Giovanni",Giovanni,1417,1425
185,"Gaddi, Giovanni",GADDI,15,20
185,"Gaddi, Giovanni",Gaddi,585,590
186,"Gaddi, Giovanni",Giovanni,242,250
186,"Gaddi, Giovanni",GADDI,15,20
217,"Gaddi, Giovanni",Giovanni,370,378
217,"Gaddi, Giovanni",Giovanni,656,664
217,"Gaddi, Giovanni",Giovanni,965,973
217,"Gaddi, Giovanni",GADDI,7,12
217,"Gaddi, Giovanni",GADDI,28,33
217,"Gaddi, Giovanni",Gaddi,180,185
217,"Gaddi, Giovanni",Gaddi,490,495
221,"Gaddi, Giovanni",Giovanni Gaddi,1117,1131
221,"Gaddi, Giovanni",GADDI,15,20
177,"Gaddi, Taddeo",TADDEO GADDI,0,12
177,"Gaddi, Taddeo",TADDEO GADDI,21,33
177,"Gaddi, Taddeo",Taddeo Gaddi,698,710
177,"Gaddi, Taddeo",Taddeo,743,749
177,"Gaddi, Taddeo",Gaddi,759,764
178,"Gaddi, Taddeo",TADDEO GADDI,8,20
178,"Gaddi, Taddeo",Taddeo Gaddi,2135,2147
179,"Gaddi, Taddeo",TADDEO GADDI,8,20
179,"Gaddi, Taddeo",Taddeo Gaddi,1263,1275
179,"Gaddi, Taddeo",Taddeo,1082,1088
179,"Gaddi, Taddeo",Taddeo,1605,1611
180,"Gaddi, Taddeo",TADDEO GADDI,8,20
180,"Gaddi, Taddeo",Taddeo Gaddi,2240,2252
180,"Gaddi, Taddeo",Taddeo,440,446
181,"Gaddi, Taddeo",TADDEO GADDI,8,20
181,"Gaddi, Taddeo",Taddeo,782,788
181,"Gaddi, Taddeo",Taddeo,1457,1463
181,"Gaddi, Taddeo",Taddeo,1783,1789
181,"Gaddi, Taddeo",Taddeo,2145,2151
182,"Gaddi, Taddeo",TADDEO GADDI,8,20
182,"Gaddi, Taddeo",TADDEO,455,461
182,"Gaddi, Taddeo",Taddeo,530,536
182,"Gaddi, Taddeo",Taddeo,2019,2025
183,"Gaddi, Taddeo",TADDEO GADDI,8,20
183,"Gaddi, Taddeo",TADDEO GADDI,554,566
183,"Gaddi, Taddeo",Taddeo,1736,1742
183,"Gaddi, Taddeo",Taddeo,2219,2225
184,"Gaddi, Taddeo",TADDEO GADDI,8,20
185,"Gaddi, Taddeo",TADDEO GADDI,8,20
185,"Gaddi, Taddeo",Taddeo,83,89
185,"Gaddi, Taddeo",Taddeo,467,473
185,"Gaddi, Taddeo",Taddeo,646,652
185,"Gaddi, Taddeo",Taddeo,884,890
185,"Gaddi, Taddeo",Taddeo,1158,1164
185,"Gaddi, Taddeo",Taddeo,1405,1411
185,"Gaddi, Taddeo",Taddeo,1996,2002
185,"Gaddi, Taddeo",Gaddi,585,590
186,"Gaddi, Taddeo",TADDEO GADDI,8,20
186,"Gaddi, Taddeo",Taddeo,80,86
186,"Gaddi, Taddeo",Taddeo,210,216
186,"Gaddi, Taddeo",Taddeo,1031,1037
186,"Gaddi, Taddeo",Taddeo,1150,1156
57,"Gaddi, Taddeo",Taddeo,1724,1730
57,"Gaddi, Taddeo",Taddeo,1764,1770
57,"Gaddi, Taddeo",Taddeo,1962,1968
57,"Gaddi, Taddeo",GADDI,14,19
57,"Gaddi, Taddeo",Gaddi,846,851
58,"Gaddi, Taddeo",Taddeo,579,585
58,"Gaddi, Taddeo",GADDI,14,19
58,"Gaddi, Taddeo",Gaddi,918,923
81,"Gaddi, Taddeo",Taddeo Gaddi,593,605
88,"Gaddi, Taddeo",Taddeo Gaddi,766,778
89,"Gaddi, Taddeo",Taddeo Gaddi,1939,1951
129,"Gaddi, Taddeo",Taddeo Gaddi,1992,2004
177,"Gaddi, Taddeo",TADDEO GADDI,0,12
177,"Gaddi, Taddeo",TADDEO GADDI,21,33
177,"Gaddi, Taddeo",Taddeo Gaddi,698,710
177,"Gaddi, Taddeo",Taddeo,743,749
177,"Gaddi, Taddeo",Gaddi,759,764
178,"Gaddi, Taddeo",TADDEO GADDI,8,20
178,"Gaddi, Taddeo",Taddeo Gaddi,2135,2147
179,"Gaddi, Taddeo",TADDEO GADDI,8,20
179,"Gaddi, Taddeo",Taddeo Gaddi,1263,1275
179,"Gaddi, Taddeo",Taddeo,1082,1088
179,"Gaddi, Taddeo",Taddeo,1605,1611
180,"Gaddi, Taddeo",TADDEO GADDI,8,20
180,"Gaddi, Taddeo",Taddeo Gaddi,2240,2252
180,"Gaddi, Taddeo",Taddeo,440,446
181,"Gaddi, Taddeo",TADDEO GADDI,8,20
181,"Gaddi, Taddeo",Taddeo,782,788
181,"Gaddi, Taddeo",Taddeo,1457,1463
181,"Gaddi, Taddeo",Taddeo,1783,1789
181,"Gaddi, Taddeo",Taddeo,2145,2151
182,"Gaddi, Taddeo",TADDEO GADDI,8,20
182,"Gaddi, Taddeo",TADDEO,455,461
182,"Gaddi, Taddeo",Taddeo,530,536
182,"Gaddi, Taddeo",Taddeo,2019,2025
183,"Gaddi, Taddeo",TADDEO GADDI,8,20
183,"Gaddi, Taddeo",TADDEO GADDI,554,566
183,"Gaddi, Taddeo",Taddeo,1736,1742
183,"Gaddi, Taddeo",Taddeo,2219,2225
184,"Gaddi, Taddeo",TADDEO GADDI,8,20
185,"Gaddi, Taddeo",TADDEO GADDI,8,20
185,"Gaddi, Taddeo",Taddeo,83,89
185,"Gaddi, Taddeo",Taddeo,467,473
185,"Gaddi, Taddeo",Taddeo,646,652
185,"Gaddi, Taddeo",Taddeo,884,890
185,"Gaddi, Taddeo",Taddeo,1158,1164
185,"Gaddi, Taddeo",Taddeo,1405,1411
185,"Gaddi, Taddeo",Taddeo,1996,2002
185,"Gaddi, Taddeo",Gaddi,585,590
186,"Gaddi, Taddeo",TADDEO GADDI,8,20
186,"Gaddi, Taddeo",Taddeo,80,86
186,"Gaddi, Taddeo",Taddeo,210,216
186,"Gaddi, Taddeo",Taddeo,1031,1037
186,"Gaddi, Taddeo",Taddeo,1150,1156
217,"Gaddi, Taddeo",Taddeo Gaddi,173,185
217,"Gaddi, Taddeo",Taddeo,636,642
217,"Gaddi, Taddeo",Taddeo,884,890
217,"Gaddi, Taddeo",GADDI,7,12
217,"Gaddi, Taddeo",GADDI,28,33
217,"Gaddi, Taddeo",Gaddi,490,495
218,"Gaddi, Taddeo",Taddeo,890,896
218,"Gaddi, Taddeo",Taddeo,907,913
218,"Gaddi, Taddeo",GADDI,15,20
221,"Gaddi, Taddeo",Taddeo,1230,1236
221,"Gaddi, Taddeo",GADDI,15,20
221,"Gaddi, Taddeo",Gaddi,1126,1131
222,"Gaddi, Taddeo",Taddeo,1323,1329
222,"Gaddi, Taddeo",Taddeo,1383,1389
222,"Gaddi, Taddeo",GADDI,15,20
87,"Ghiberti, Lorenzo (Lorenzo di Cione Ghiberti)",Lorenzo,2058,2065
87,"Ghiberti, Lorenzo (Lorenzo di Cione Ghiberti)",Lorenzo,2280,2287
87,"Ghiberti, Lorenzo (Lorenzo di Cione Ghiberti)",Ghiberti,2075,2083
112,"Ghiberti, Lorenzo (Lorenzo di Cione Ghiberti)",Lorenzo Ghiberti,1895,1911
127,"Ghiberti, Lorenzo (Lorenzo di Cione Ghiberti)",Lorenzo Ghiberti,2043,2059
130,"Ghiberti, Lorenzo (Lorenzo di Cione Ghiberti)",Lorenzo Ghiberti,617,633
125,"Ghirlandajo, Ridolfo",Ridolfo,2408,2415
203,"Giottino (Tommaso, or Maso)",GIOTTINO,16,24
203,"Giottino (Tommaso, or Maso)",GIOTTINO,49,57
203,"Giottino (Tommaso, or Maso)",Giottino,1104,1112
203,"Giottino (Tommaso, or Maso)",Giottino,1547,1555
203,"Giottino (Tommaso, or Maso)",TOMMASO,0,7
203,"Giottino (Tommaso, or Maso)",TOMMASO,33,40
203,"Giottino (Tommaso, or Maso)",Tommaso,1077,1084
204,"Giottino (Tommaso, or Maso)",GIOTTINO,24,32
204,"Giottino (Tommaso, or Maso)",Giottino,641,649
204,"Giottino (Tommaso, or Maso)",TOMMASO,8,15
205,"Giottino (Tommaso, or Maso)",GIOTTINO,24,32
205,"Giottino (Tommaso, or Maso)",Giottino,1062,1070
205,"Giottino (Tommaso, or Maso)",Giottino,1499,1507
205,"Giottino (Tommaso, or Maso)",TOMMASO,8,15
205,"Giottino (Tommaso, or Maso)",Tommaso,956,963
206,"Giottino (Tommaso, or Maso)",GIOTTINO,24,32
206,"Giottino (Tommaso, or Maso)",TOMMASO,8,15
206,"Giottino (Tommaso, or Maso)",Tommaso,587,594
207,"Giottino (Tommaso, or Maso)",GIOTTINO,24,32
207,"Giottino (Tommaso, or Maso)",GIOTTINO,196,204
207,"Giottino (Tommaso, or Maso)",Giottino,1747,1755
207,"Giottino (Tommaso, or Maso)",TOMMASO,8,15
207,"Giottino (Tommaso, or Maso)",Tommaso,100,107
207,"Giottino (Tommaso, or Maso)",Tommaso,295,302
208,"Giottino (Tommaso, or Maso)",GIOTTINO,24,32
208,"Giottino (Tommaso, or Maso)",Giottino,67,75
208,"Giottino (Tommaso, or Maso)",Giottino,1690,1698
208,"Giottino (Tommaso, or Maso)",TOMMASO,8,15
208,"Giottino (Tommaso, or Maso)",Tommaso,312,319
208,"Giottino (Tommaso, or Maso)",Tommaso,1846,1853
112,"Giottino (Tommaso, or Maso)",Giottino,1625,1633
112,"Giottino (Tommaso, or Maso)",Maso,1612,1616
71,Giotto,GIOTTO,0,6
71,Giotto,GIOTTO,15,21
71,Giotto,Giotto,332,338
71,Giotto,Giotto,780,786
71,Giotto,Giotto,1203,1209
72,Giotto,GIOTTO,8,14
72,Giotto,Giotto,184,190
72,Giotto,Giotto,1225,1231
72,Giotto,Giotto,1454,1460
72,Giotto,Giotto,1581,1587
72,Giotto,Giotto,1952,1958
72,Giotto,Giotto,2353,2359
73,Giotto,GIOTTO,8,14
73,Giotto,Giotto,1001,1007
73,Giotto,Giotto,1227,1233
73,Giotto,Giotto,1884,1890
73,Giotto,Giotto,2188,2194
74,Giotto,GIOTTO,8,14
75,Giotto,GIOTTO,8,14
75,Giotto,Giotto,396,402
75,Giotto,Giotto,684,690
76,Giotto,GIOTTO,8,14
76,Giotto,Giotto,951,957
76,Giotto,Giotto,1189,1195
76,Giotto,Giotto,2376,2382
77,Giotto,GIOTTO,8,14
77,Giotto,Giotto,392,398
78,Giotto,GIOTTO,8,14
78,Giotto,Giotto,625,631
78,Giotto,Giotto,756,762
78,Giotto,Giotto,983,989
78,Giotto,Giotto,1201,1207
78,Giotto,Giotto,1659,1665
78,Giotto,Giotto,1980,1986
78,Giotto,Giotto,2191,2197
78,Giotto,Giotto,2420,2426
79,Giotto,GIOTTO,8,14
79,Giotto,Giotto,86,92
79,Giotto,Giotto,428,434
79,Giotto,Giotto,1243,1249
80,Giotto,GIOTTO,8,14
80,Giotto,Giotto,115,121
80,Giotto,Giotto,260,266
80,Giotto,Giotto,964,970
80,Giotto,Giotto,2104,2110
80,Giotto,Giotto,2410,2416
81,Giotto,GIOTTO,8,14
81,Giotto,Giotto,640,646
81,Giotto,Giotto,1355,1361
82,Giotto,GIOTTO,8,14
82,Giotto,Giotto,625,631
82,Giotto,Giotto,754,760
82,Giotto,Giotto,925,931
82,Giotto,Giotto,1123,1129
82,Giotto,GIOTTO,1709,1715
82,Giotto,Giotto,1810,1816
82,Giotto,Giotto,1984,1990
82,Giotto,Giotto,2114,2120
82,Giotto,Giotto,2384,2390
83,Giotto,GIOTTO,8,14
83,Giotto,Giotto,188,194
83,Giotto,Giotto,593,599
83,Giotto,Giotto,693,699
83,Giotto,Giotto,959,965
83,Giotto,Giotto,1169,1175
83,Giotto,Giotto,1392,1398
83,Giotto,Giotto,2075,2081
84,Giotto,GIOTTO,8,14
84,Giotto,Giotto,2256,2262
85,Giotto,GIOTTO,8,14
85,Giotto,Giotto,286,292
85,Giotto,Giotto,2230,2236
86,Giotto,GIOTTO,8,14
86,Giotto,Giotto,299,305
86,Giotto,Giotto,694,700
86,Giotto,Giotto,1066,1072
86,Giotto,Giotto,1472,1478
86,Giotto,Giotto,1713,1719
86,Giotto,Giotto,1843,1849
86,Giotto,Giotto,2142,2148
86,Giotto,Giotto,2338,2344
87,Giotto,GIOTTO,8,14
87,Giotto,Giotto,766,772
87,Giotto,Giotto,1633,1639
87,Giotto,Giotto,2105,2111
87,Giotto,Giotto,2341,2347
88,Giotto,GIOTTO,8,14
88,Giotto,Giotto,191,197
88,Giotto,Giotto,516,522
88,Giotto,Giotto,892,898
89,Giotto,GIOTTO,8,14
89,Giotto,Giotto,371,377
89,Giotto,Giotto,564,570
89,Giotto,Giotto,1449,1455
89,Giotto,Giotto,1694,1700
89,Giotto,Giotto,1709,1715
90,Giotto,GIOTTO,8,14
90,Giotto,Giotto,100,106
90,Giotto,Giotto,382,388
90,Giotto,Giotto,1964,1970
91,Giotto,GIOTTO,8,14
91,Giotto,Giotto,430,436
91,Giotto,Giotto,710,716
91,Giotto,Giotto,962,968
91,Giotto,Giotto,1313,1319
91,Giotto,Giotto,2264,2270
92,Giotto,GIOTTO,8,14
92,Giotto,Giotto,104,110
92,Giotto,Giotto,236,242
92,Giotto,Giotto,500,506
92,Giotto,Giotto,842,848
92,Giotto,Giotto,1404,1410
92,Giotto,Giotto,1627,1633
92,Giotto,Giotto,1849,1855
92,Giotto,Giotto,1931,1937
92,Giotto,Giotto,2019,2025
92,Giotto,Giotto,2144,2150
92,Giotto,Giotto,2196,2202
93,Giotto,GIOTTO,8,14
93,Giotto,Giotto,706,712
93,Giotto,Giotto,844,850
93,Giotto,Giotto,915,921
93,Giotto,Giotto,1043,1049
93,Giotto,Giotto,1135,1141
93,Giotto,Giotto,1226,1232
93,Giotto,Giotto,1947,1953
93,Giotto,Giotto,1964,1970
93,Giotto,Giotto,2126,2132
93,Giotto,Giotto,2241,2247
94,Giotto,GIOTTO,8,14
94,Giotto,Giotto,78,84
94,Giotto,Giotto,418,424
94,Giotto,Giotto,675,681
94,Giotto,Giotto,1455,1461
94,Giotto,Giotto,1954,1960
7,Giotto,Giotto,907,913
8,Giotto,Giotto,1927,1933
8,Giotto,Giotto,1982,1988
8,Giotto,Giotto,2461,2467
8,Giotto,Giotto,2719,2725
8,Giotto,Giotto,2854,2860
8,Giotto,Giotto,3505,3511
8,Giotto,Giotto,4106,4112
8,Giotto,Giotto,4328,4334
25,Giotto,Giotto,1718,1724
39,Giotto,Giotto,1400,1406
50,Giotto,Giotto,864,870
50,Giotto,Giotto,1120,1126
50,Giotto,Giotto,1758,1764
51,Giotto,Giotto,881,887
51,Giotto,Giotto,948,954
57,Giotto,Giotto,1816,1822
57,Giotto,Giotto,1925,1931
63,Giotto,Giotto,189,195
71,Giotto,GIOTTO,0,6
71,Giotto,GIOTTO,15,21
71,Giotto,Giotto,332,338
71,Giotto,Giotto,780,786
71,Giotto,Giotto,1203,1209
72,Giotto,GIOTTO,8,14
72,Giotto,Giotto,184,190
72,Giotto,Giotto,1225,1231
72,Giotto,Giotto,1454,1460
72,Giotto,Giotto,1581,1587
72,Giotto,Giotto,1952,1958
72,Giotto,Giotto,2353,2359
73,Giotto,GIOTTO,8,14
73,Giotto,Giotto,1001,1007
73,Giotto,Giotto,1227,1233
73,Giotto,Giotto,1884,1890
73,Giotto,Giotto,2188,2194
74,Giotto,GIOTTO,8,14
75,Giotto,GIOTTO,8,14
75,Giotto,Giotto,396,402
75,Giotto,Giotto,684,690
76,Giotto,GIOTTO,8,14
76,Giotto,Giotto,951,957
76,Giotto,Giotto,1189,1195
76,Giotto,Giotto,2376,2382
77,Giotto,GIOTTO,8,14
77,Giotto,Giotto,392,398
78,Giotto,GIOTTO,8,14
78,Giotto,Giotto,625,631
78,Giotto,Giotto,756,762
78,Giotto,Giotto,983,989
78,Giotto,Giotto,1201,1207
78,Giotto,Giotto,1659,1665
78,Giotto,Giotto,1980,1986
78,Giotto,Giotto,2191,2197
78,Giotto,Giotto,2420,2426
79,Giotto,GIOTTO,8,14
79,Giotto,Giotto,86,92
79,Giotto,Giotto,428,434
79,Giotto,Giotto,1243,1249
80,Giotto,GIOTTO,8,14
80,Giotto,Giotto,115,121
80,Giotto,Giotto,260,266
80,Giotto,Giotto,964,970
80,Giotto,Giotto,2104,2110
80,Giotto,Giotto,2410,2416
81,Giotto,GIOTTO,8,14
81,Giotto,Giotto,640,646
81,Giotto,Giotto,1355,1361
82,Giotto,GIOTTO,8,14
82,Giotto,Giotto,625,631
82,Giotto,Giotto,754,760
82,Giotto,Giotto,925,931
82,Giotto,Giotto,1123,1129
82,Giotto,GIOTTO,1709,1715
82,Giotto,Giotto,1810,1816
82,Giotto,Giotto,1984,1990
82,Giotto,Giotto,2114,2120
82,Giotto,Giotto,2384,2390
83,Giotto,GIOTTO,8,14
83,Giotto,Giotto,188,194
83,Giotto,Giotto,593,599
83,Giotto,Giotto,693,699
83,Giotto,Giotto,959,965
83,Giotto,Giotto,1169,1175
83,Giotto,Giotto,1392,1398
83,Giotto,Giotto,2075,2081
84,Giotto,GIOTTO,8,14
84,Giotto,Giotto,2256,2262
85,Giotto,GIOTTO,8,14
85,Giotto,Giotto,286,292
85,Giotto,Giotto,2230,2236
86,Giotto,GIOTTO,8,14
86,Giotto,Giotto,299,305
86,Giotto,Giotto,694,700
86,Giotto,Giotto,1066,1072
86,Giotto,Giotto,1472,1478
86,Giotto,Giotto,1713,1719
86,Giotto,Giotto,1843,1849
86,Giotto,Giotto,2142,2148
86,Giotto,Giotto,2338,2344
87,Giotto,GIOTTO,8,14
87,Giotto,Giotto,766,772
87,Giotto,Giotto,1633,1639
87,Giotto,Giotto,2105,2111
87,Giotto,Giotto,2341,2347
88,Giotto,GIOTTO,8,14
88,Giotto,Giotto,191,197
88,Giotto,Giotto,516,522
88,Giotto,Giotto,892,898
89,Giotto,GIOTTO,8,14
89,Giotto,Giotto,371,377
89,Giotto,Giotto,564,570
89,Giotto,Giotto,1449,1455
89,Giotto,Giotto,1694,1700
89,Giotto,Giotto,1709,1715
90,Giotto,GIOTTO,8,14
90,Giotto,Giotto,100,106
90,Giotto,Giotto,382,388
90,Giotto,Giotto,1964,1970
91,Giotto,GIOTTO,8,14
91,Giotto,Giotto,430,436
91,Giotto,Giotto,710,716
91,Giotto,Giotto,962,968
91,Giotto,Giotto,1313,1319
91,Giotto,Giotto,2264,2270
92,Giotto,GIOTTO,8,14
92,Giotto,Giotto,104,110
92,Giotto,Giotto,236,242
92,Giotto,Giotto,500,506
92,Giotto,Giotto,842,848
92,Giotto,Giotto,1404,1410
92,Giotto,Giotto,1627,1633
92,Giotto,Giotto,1849,1855
92,Giotto,Giotto,1931,1937
92,Giotto,Giotto,2019,2025
92,Giotto,Giotto,2144,2150
92,Giotto,Giotto,2196,2202
93,Giotto,GIOTTO,8,14
93,Giotto,Giotto,706,712
93,Giotto,Giotto,844,850
93,Giotto,Giotto,915,921
93,Giotto,Giotto,1043,1049
93,Giotto,Giotto,1135,1141
93,Giotto,Giotto,1226,1232
93,Giotto,Giotto,1947,1953
93,Giotto,Giotto,1964,1970
93,Giotto,Giotto,2126,2132
93,Giotto,Giotto,2241,2247
94,Giotto,GIOTTO,8,14
94,Giotto,Giotto,78,84
94,Giotto,Giotto,418,424
94,Giotto,Giotto,675,681
94,Giotto,Giotto,1455,1461
94,Giotto,Giotto,1954,1960
99,Giotto,Giotto,526,532
99,Giotto,Giotto,727,733
99,Giotto,Giotto,1045,1051
99,Giotto,Giotto,1349,1355
99,Giotto,Giotto,1377,1383
109,Giotto,Giotto,151,157
109,Giotto,Giotto,568,574
109,Giotto,Giotto,1152,1158
111,Giotto,Giotto,389,395
111,Giotto,Giotto,671,677
111,Giotto,Giotto,944,950
111,Giotto,Giotto,1219,1225
112,Giotto,Giotto,1785,1791
112,Giotto,Giotto,2007,2013
112,Giotto,Giotto,2117,2123
113,Giotto,Giotto,1378,1384
113,Giotto,Giotto,2232,2238
117,Giotto,Giotto,539,545
117,Giotto,Giotto,715,721
118,Giotto,Giotto,169,175
118,Giotto,Giotto,1825,1831
123,Giotto,Giotto,445,451
124,Giotto,Giotto,463,469
124,Giotto,Giotto,1826,1832
125,Giotto,Giotto,239,245
126,Giotto,Giotto,683,689
126,Giotto,Giotto,1994,2000
126,Giotto,Giotto,2199,2205
127,Giotto,Giotto,660,666
161,Giotto,Giotto,282,288
161,Giotto,Giotto,434,440
161,Giotto,Giotto,464,470
161,Giotto,Giotto,1009,1015
161,Giotto,Giotto,1250,1256
162,Giotto,Giotto,371,377
162,Giotto,Giotto,1201,1207
162,Giotto,Giotto,1221,1227
168,Giotto,Giotto,553,559
168,Giotto,Giotto,896,902
170,Giotto,Giotto,2091,2097
174,Giotto,Giotto,819,825
177,Giotto,Giotto,799,805
177,Giotto,Giotto,1341,1347
177,Giotto,Giotto,1535,1541
178,Giotto,Giotto,260,266
178,Giotto,Giotto,978,984
178,Giotto,Giotto,1738,1744
180,Giotto,Giotto,245,251
180,Giotto,Giotto,2274,2280
35,Giovanni Pisano,GIOVANNI,20,28
35,Giovanni Pisano,Giovanni,2151,2159
35,Giovanni Pisano,Pisano,418,424
36,Giovanni Pisano,Giovanni Pisano,682,697
36,Giovanni Pisano,GIOVANNI,20,28
36,Giovanni Pisano,Giovanni,133,141
36,Giovanni Pisano,Giovanni,1215,1223
36,Giovanni Pisano,Giovanni,1699,1707
36,Giovanni Pisano,Giovanni,2262,2270
37,Giovanni Pisano,GIOVANNI,20,28
37,Giovanni Pisano,Giovanni,206,214
37,Giovanni Pisano,Giovanni,797,805
37,Giovanni Pisano,Giovanni,1401,1409
37,Giovanni Pisano,Giovanni,1851,1859
38,Giovanni Pisano,GIOVANNI,20,28
38,Giovanni Pisano,Giovanni,118,126
38,Giovanni Pisano,Giovanni,2128,2136
39,Giovanni Pisano,Giovanni Pisano,192,207
39,Giovanni Pisano,Giovanni Pisano,263,278
39,Giovanni Pisano,GIOVANNI,20,28
39,Giovanni Pisano,Giovanni,505,513
39,Giovanni Pisano,Giovanni,1052,1060
39,Giovanni Pisano,Giovanni,1245,1253
39,Giovanni Pisano,Giovanni,1772,1780
40,Giovanni Pisano,Giovanni Pisano,2051,2066
40,Giovanni Pisano,GIOVANNI,20,28
40,Giovanni Pisano,Giovanni,331,339
40,Giovanni Pisano,Giovanni,422,430
40,Giovanni Pisano,Giovanni,653,661
40,Giovanni Pisano,Giovanni,719,727
40,Giovanni Pisano,Giovanni,1403,1411
40,Giovanni Pisano,Giovanni,1469,1477
40,Giovanni Pisano,Giovanni,2213,2221
41,Giovanni Pisano,GIOVANNI,20,28
41,Giovanni Pisano,Giovanni,1121,1129
41,Giovanni Pisano,Giovanni,1477,1485
42,Giovanni Pisano,Giovanni Pisano,1665,1680
42,Giovanni Pisano,GIOVANNI,20,28
42,Giovanni Pisano,Giovanni,553,561
42,Giovanni Pisano,Giovanni,773,781
42,Giovanni Pisano,Giovanni,1180,1188
43,Giovanni Pisano,GIOVANNI,20,28
43,Giovanni Pisano,Giovanni,814,822
43,Giovanni Pisano,Giovanni,1187,1195
43,Giovanni Pisano,Giovanni,1575,1583
43,Giovanni Pisano,Giovanni,1722,1730
43,Giovanni Pisano,Giovanni,2032,2040
44,Giovanni Pisano,GIOVANNI,20,28
44,Giovanni Pisano,GIOVANNI,513,521
29,Giovanni Pisano,GIOVANNI PISANO,87,102
29,Giovanni Pisano,GIOVANNI,12,20
29,Giovanni Pisano,GIOVANNI,49,57
29,Giovanni Pisano,Giovanni,280,288
29,Giovanni Pisano,Giovanni,934,942
29,Giovanni Pisano,PISANO,76,82
29,Giovanni Pisano,Pisano,774,780
35,Giovanni Pisano,GIOVANNI,20,28
35,Giovanni Pisano,Giovanni,2151,2159
35,Giovanni Pisano,Pisano,418,424
36,Giovanni Pisano,Giovanni Pisano,682,697
36,Giovanni Pisano,GIOVANNI,20,28
36,Giovanni Pisano,Giovanni,133,141
36,Giovanni Pisano,Giovanni,1215,1223
36,Giovanni Pisano,Giovanni,1699,1707
36,Giovanni Pisano,Giovanni,2262,2270
37,Giovanni Pisano,GIOVANNI,20,28
37,Giovanni Pisano,Giovanni,206,214
37,Giovanni Pisano,Giovanni,797,805
37,Giovanni Pisano,Giovanni,1401,1409
37,Giovanni Pisano,Giovanni,1851,1859
38,Giovanni Pisano,GIOVANNI,20,28
38,Giovanni Pisano,Giovanni,118,126
38,Giovanni Pisano,Giovanni,2128,2136
39,Giovanni Pisano,Giovanni Pisano,192,207
39,Giovanni Pisano,Giovanni Pisano,263,278
39,Giovanni Pisano,GIOVANNI,20,28
39,Giovanni Pisano,Giovanni,505,513
39,Giovanni Pisano,Giovanni,1052,1060
39,Giovanni Pisano,Giovanni,1245,1253
39,Giovanni Pisano,Giovanni,1772,1780
40,Giovanni Pisano,Giovanni Pisano,2051,2066
40,Giovanni Pisano,GIOVANNI,20,28
40,Giovanni Pisano,Giovanni,331,339
40,Giovanni Pisano,Giovanni,422,430
40,Giovanni Pisano,Giovanni,653,661
40,Giovanni Pisano,Giovanni,719,727
40,Giovanni Pisano,Giovanni,1403,1411
40,Giovanni Pisano,Giovanni,1469,1477
40,Giovanni Pisano,Giovanni,2213,2221
41,Giovanni Pisano,GIOVANNI,20,28
41,Giovanni Pisano,Giovanni,1121,1129
41,Giovanni Pisano,Giovanni,1477,1485
42,Giovanni Pisano,Giovanni Pisano,1665,1680
42,Giovanni Pisano,GIOVANNI,20,28
42,Giovanni Pisano,Giovanni,553,561
42,Giovanni Pisano,Giovanni,773,781
42,Giovanni Pisano,Giovanni,1180,1188
43,Giovanni Pisano,GIOVANNI,20,28
43,Giovanni Pisano,Giovanni,814,822
43,Giovanni Pisano,Giovanni,1187,1195
43,Giovanni Pisano,Giovanni,1575,1583
43,Giovanni Pisano,Giovanni,1722,1730
43,Giovanni Pisano,Giovanni,2032,2040
44,Giovanni Pisano,GIOVANNI,20,28
44,Giovanni Pisano,GIOVANNI,513,521
76,Giovanni Pisano,Giovanni,2311,2319
76,Giovanni Pisano,Pisano,2336,2342
97,Giovanni Pisano,Giovanni,161,169
97,Giovanni Pisano,Giovanni,960,968
97,Giovanni Pisano,Giovanni,1107,1115
97,Giovanni Pisano,Giovanni,1629,1637
98,Giovanni Pisano,Giovanni,331,339
98,Giovanni Pisano,Giovanni,821,829
98,Giovanni Pisano,Giovanni,1174,1182
98,Giovanni Pisano,Giovanni,1690,1698
220,Giovanni Pisano,Giovanni Pisano,1156,1171
208,Giovanni Tossicani,Giovanni Tossicani,114,132
208,Giovanni Tossicani,Giovanni Tossicani,243,261
208,Giovanni Tossicani,Giovanni Tossicani,1803,1821
208,Giovanni Tossicani,Giovanni,155,163
208,Giovanni Tossicani,Giovanni,1236,1244
182,Giovanni da Milano,Giovanni da Milano,668,686
183,Giovanni da Milano,Giovanni,931,939
185,Giovanni da Milano,Giovanni da Milano,1339,1357
185,Giovanni da Milano,Giovanni,1232,1240
185,Giovanni da Milano,Giovanni,1417,1425
164,Giovanni da Pistoia,Giovanni da Pistoia,1672,1691
211,Giovanni dal Ponte (Giovanni da Santo Stefano a Ponte),GIOVANNI DAL PONTE,0,18
211,Giovanni dal Ponte (Giovanni da Santo Stefano a Ponte),GIOVANNI DAL PONTE,27,45
211,Giovanni dal Ponte (Giovanni da Santo Stefano a Ponte),Giovanni,871,879
212,Giovanni dal Ponte (Giovanni da Santo Stefano a Ponte),GIOVANNI DAL PONTE,8,26
212,Giovanni dal Ponte (Giovanni da Santo Stefano a Ponte),Giovanni dal Ponte,1233,1251
212,Giovanni dal Ponte (Giovanni da Santo Stefano a Ponte),Giovanni,726,734
212,Giovanni dal Ponte (Giovanni da Santo Stefano a Ponte),Giovanni,1430,1438
212,Giovanni dal Ponte (Giovanni da Santo Stefano a Ponte),Giovanni,2249,2257
213,Giovanni dal Ponte (Giovanni da Santo Stefano a Ponte),GIOVANNI DAL PONTE,8,26
213,Giovanni dal Ponte (Giovanni da Santo Stefano a Ponte),Giovanni dal Ponte,379,397
213,Giovanni dal Ponte (Giovanni da Santo Stefano a Ponte),Giovanni,547,555
208,Giovanni dal Ponte (Giovanni da Santo Stefano a Ponte),Giovanni dal Ponte,155,173
208,Giovanni dal Ponte (Giovanni da Santo Stefano a Ponte),Giovanni,114,122
208,Giovanni dal Ponte (Giovanni da Santo Stefano a Ponte),Giovanni,243,251
208,Giovanni dal Ponte (Giovanni da Santo Stefano a Ponte),Giovanni,1236,1244
208,Giovanni dal Ponte (Giovanni da Santo Stefano a Ponte),Giovanni,1803,1811
221,Giuliano,Giuliano,1794,1802
15,Guglielmo,Guglielmo,995,1004
15,Guglielmo,Guglielmo,1133,1142
105,Jacobello,Jacobello,709,718
104,Jacopo Lanfrani,Jacopo Lanfrani,2108,2123
104,Jacopo Lanfrani,Jacopo,1283,1289
105,Jacopo Lanfrani,Jacopo,93,99
105,Jacopo Lanfrani,Jacopo,446,452
14,Jacopo Tedesco (Lapo),LAPO,19,23
14,Jacopo Tedesco (Lapo),Lapo,86,90
18,Jacopo Tedesco (Lapo),Jacopo Tedesco,2042,2056
18,Jacopo Tedesco (Lapo),LAPO,19,23
18,Jacopo Tedesco (Lapo),Lapo,660,664
19,Jacopo Tedesco (Lapo),Jacopo Tedesco,1556,1570
19,Jacopo Tedesco (Lapo),Jacopo,2196,2202
19,Jacopo Tedesco (Lapo),Jacopo,2331,2337
19,Jacopo Tedesco (Lapo),LAPO,19,23
20,Jacopo Tedesco (Lapo),Jacopo,294,300
20,Jacopo Tedesco (Lapo),LAPO,19,23
20,Jacopo Tedesco (Lapo),Lapo,305,309
23,Jacopo Tedesco (Lapo),LAPO,19,23
23,Jacopo Tedesco (Lapo),Lapo,1191,1195
24,Jacopo Tedesco (Lapo),LAPO,19,23
24,Jacopo Tedesco (Lapo),Lapo,228,232
24,Jacopo Tedesco (Lapo),Lapo,818,822
65,Jacopo Tedesco (Lapo),Lapo,631,635
65,Jacopo Tedesco (Lapo),Lapo,1248,1252
174,Jacopo Tedesco (Lapo),Lapo,598,602
130,Jacopo della Quercia (or della Fonte),Jacopo della Quercia,543,563
130,Jacopo della Quercia (or della Fonte),Jacopo,2075,2081
194,Jacopo di Cione Orcagna,Jacopo,125,131
194,Jacopo di Cione Orcagna,Jacopo,222,228
194,Jacopo di Cione Orcagna,DI CIONE ORCAGNA,15,31
197,Jacopo di Cione Orcagna,Jacopo,2214,2220
197,Jacopo di Cione Orcagna,DI CIONE ORCAGNA,15,31
198,Jacopo di Cione Orcagna,DI CIONE ORCAGNA,15,31
14,Lapo (Maestro Jacopo Tedesco),LAPO,19,23
14,Lapo (Maestro Jacopo Tedesco),Lapo,86,90
18,Lapo (Maestro Jacopo Tedesco),LAPO,19,23
18,Lapo (Maestro Jacopo Tedesco),Lapo,660,664
18,Lapo (Maestro Jacopo Tedesco),Maestro Jacopo Tedesco,2034,2056
19,Lapo (Maestro Jacopo Tedesco),LAPO,19,23
19,Lapo (Maestro Jacopo Tedesco),Maestro Jacopo Tedesco,1548,1570
20,Lapo (Maestro Jacopo Tedesco),LAPO,19,23
20,Lapo (Maestro Jacopo Tedesco),Lapo,305,309
23,Lapo (Maestro Jacopo Tedesco),LAPO,19,23
23,Lapo (Maestro Jacopo Tedesco),Lapo,1191,1195
24,Lapo (Maestro Jacopo Tedesco),LAPO,19,23
24,Lapo (Maestro Jacopo Tedesco),Lapo,228,232
24,Lapo (Maestro Jacopo Tedesco),Lapo,818,822
65,Lapo (Maestro Jacopo Tedesco),Lapo,631,635
65,Lapo (Maestro Jacopo Tedesco),Lapo,1248,1252
174,Lapo (Maestro Jacopo Tedesco),Lapo,598,602
117,"Laurati, Pietro (called Lorenzetti)",PIETRO LAURATI,8,22
117,"Laurati, Pietro (called Lorenzetti)",Pietro Laurati,61,75
117,"Laurati, Pietro (called Lorenzetti)",PIETRO,24,30
117,"Laurati, Pietro (called Lorenzetti)",Pietro,1285,1291
117,"Laurati, Pietro (called Lorenzetti)",LORENZETTI,31,41
118,"Laurati, Pietro (called Lorenzetti)",PIETRO LAURATI,8,22
118,"Laurati, Pietro (called Lorenzetti)",PIETRO,824,830
118,"Laurati, Pietro (called Lorenzetti)",Pietro,952,958
118,"Laurati, Pietro (called Lorenzetti)",LAURATI,806,813
118,"Laurati, Pietro (called Lorenzetti)",LORENZETTI,831,841
119,"Laurati, Pietro (called Lorenzetti)",PIETRO LAURATI,8,22
120,"Laurati, Pietro (called Lorenzetti)",PIETRO LAURATI,8,22
120,"Laurati, Pietro (called Lorenzetti)",Pietro Laurati,1161,1175
120,"Laurati, Pietro (called Lorenzetti)",Pietro,1249,1255
120,"Laurati, Pietro (called Lorenzetti)",Pietro,1340,1346
120,"Laurati, Pietro (called Lorenzetti)",Pietro,1643,1649
120,"Laurati, Pietro (called Lorenzetti)",Pietro,1988,1994
120,"Laurati, Pietro (called Lorenzetti)",Pietro,2133,2139
92,"Laurati, Pietro (called Lorenzetti)",Pietro Laurati,255,269
92,"Laurati, Pietro (called Lorenzetti)",Pietro,323,329
104,Leonardo di Ser Giovanni,Leonardo di Ser Giovanni,1083,1107
43,Lino,Lino,1780,1784
48,Lippo,lippo,270,275
48,Lippo,Lippo,2171,2176
208,Lippo,Lippo,179,184
172,Lippo Memmi,Lippo Memmi,377,388
172,Lippo Memmi,LIPPO MEMMI,1902,1913
172,Lippo Memmi,Lippo,976,981
172,Lippo Memmi,Lippo,2034,2039
172,Lippo Memmi,Memmi,2018,2023
173,Lippo Memmi,Lippo,269,274
173,Lippo Memmi,Lippo,336,341
173,Lippo Memmi,Lippo,504,509
173,Lippo Memmi,Lippo,2179,2184
174,Lippo Memmi,Lippo Memmi,1750,1761
174,Lippo Memmi,Lippo,306,311
174,Lippo Memmi,MEMMI,281,286
174,Lippo Memmi,MEMMI,418,423
174,Lippo Memmi,MEMMI,1174,1179
117,"Lorenzetti, Pietro (Laurati)",PIETRO LORENZETTI,24,41
117,"Lorenzetti, Pietro (Laurati)",PIETRO,8,14
117,"Lorenzetti, Pietro (Laurati)",Pietro,61,67
117,"Lorenzetti, Pietro (Laurati)",Pietro,1285,1291
117,"Lorenzetti, Pietro (Laurati)",LAURATI,15,22
117,"Lorenzetti, Pietro (Laurati)",Laurati,68,75
118,"Lorenzetti, Pietro (Laurati)",PIETRO LORENZETTI,824,841
118,"Lorenzetti, Pietro (Laurati)",PIETRO,8,14
118,"Lorenzetti, Pietro (Laurati)",Pietro,952,958
118,"Lorenzetti, Pietro (Laurati)",LAURATI,15,22
118,"Lorenzetti, Pietro (Laurati)",LAURATI,806,813
119,"Lorenzetti, Pietro (Laurati)",PIETRO,8,14
119,"Lorenzetti, Pietro (Laurati)",LAURATI,15,22
120,"Lorenzetti, Pietro (Laurati)",PIETRO,8,14
120,"Lorenzetti, Pietro (Laurati)",Pietro,1161,1167
120,"Lorenzetti, Pietro (Laurati)",Pietro,1249,1255
120,"Lorenzetti, Pietro (Laurati)",Pietro,1340,1346
120,"Lorenzetti, Pietro (Laurati)",Pietro,1643,1649
120,"Lorenzetti, Pietro (Laurati)",Pietro,1988,1994
120,"Lorenzetti, Pietro (Laurati)",Pietro,2133,2139
120,"Lorenzetti, Pietro (Laurati)",LAURATI,15,22
120,"Lorenzetti, Pietro (Laurati)",Laurati,1168,1175
92,"Lorenzetti, Pietro (Laurati)",Pietro,255,261
92,"Lorenzetti, Pietro (Laurati)",Pietro,323,329
92,"Lorenzetti, Pietro (Laurati)",Laurati,262,269
34,Maglione,Maglione,711,719
197,"Marco, Tommaso di",Tommaso di Marco,2006,2022
63,Margaritone,MARGARITONE,0,11
63,Margaritone,MARGARITONE,20,31
63,Margaritone,Margaritone,284,295
63,Margaritone,Margaritone,489,500
64,Margaritone,MARGARITONE,8,19
64,Margaritone,Margaritone,1964,1975
65,Margaritone,MARGARITONE,8,19
65,Margaritone,Margaritone,723,734
65,Margaritone,Margaritone,1188,1199
65,Margaritone,Margaritone,1980,1991
66,Margaritone,MARGARITONE,8,19
66,Margaritone,Margaritone,1349,1360
67,Margaritone,MARGARITONE,8,19
67,Margaritone,Margaritone,197,208
67,Margaritone,Margaritone,623,634
38,Margaritone,Margaritone,84,95
118,Margaritone,Margaritone,1346,1357
198,Mariotto,Mariotto,1129,1137
221,Michele da Milano,Michele da Milano,1091,1108
208,Michelino,Michelino,144,153
172,Neroccio,Neroccio,1396,1404
29,Niccola Pisano,NICCOLA PISANO,68,82
29,Niccola Pisano,Niccola Pisano,766,780
29,Niccola Pisano,NICCOLA,0,7
29,Niccola Pisano,NICCOLA,37,44
29,Niccola Pisano,Niccola,268,275
29,Niccola Pisano,PISANO,96,102
30,Niccola Pisano,Niccola Pisano,362,376
30,Niccola Pisano,NICCOLA,8,15
30,Niccola Pisano,Niccola,402,409
30,Niccola Pisano,Niccola,1235,1242
30,Niccola Pisano,Niccola,1921,1928
31,Niccola Pisano,NICCOLA,8,15
31,Niccola Pisano,Niccola,230,237
31,Niccola Pisano,Niccola,888,895
31,Niccola Pisano,Niccola,1319,1326
31,Niccola Pisano,Niccola,1977,1984
31,Niccola Pisano,Niccola,2019,2026
32,Niccola Pisano,NICCOLA,8,15
32,Niccola Pisano,Niccola,686,693
32,Niccola Pisano,Niccola,1295,1302
32,Niccola Pisano,Niccola,2073,2080
33,Niccola Pisano,Niccola Pisano,1571,1585
33,Niccola Pisano,NICCOLA,8,15
33,Niccola Pisano,Niccola,543,550
33,Niccola Pisano,Niccola,665,672
33,Niccola Pisano,Niccola,1197,1204
33,Niccola Pisano,Niccola,1687,1694
33,Niccola Pisano,Niccola,2289,2296
34,Niccola Pisano,NICCOLA,8,15
34,Niccola Pisano,Niccola,291,298
34,Niccola Pisano,Niccola,943,950
34,Niccola Pisano,Niccola,964,971
34,Niccola Pisano,Niccola,1962,1969
34,Niccola Pisano,Niccola,2089,2096
35,Niccola Pisano,Niccola Pisano,410,424
35,Niccola Pisano,NICCOLA,8,15
35,Niccola Pisano,Niccola,49,56
35,Niccola Pisano,Niccola,508,515
35,Niccola Pisano,Niccola,1145,1152
35,Niccola Pisano,Niccola,1235,1242
35,Niccola Pisano,Niccola,2111,2118
35,Niccola Pisano,Niccola,2363,2370
36,Niccola Pisano,NICCOLA,8,15
36,Niccola Pisano,Niccola,2071,2078
36,Niccola Pisano,Niccola,2233,2240
36,Niccola Pisano,Pisano,691,697
37,Niccola Pisano,NICCOLA,8,15
37,Niccola Pisano,Niccola,517,524
29,Niccola Pisano,NICCOLA PISANO,68,82
29,Niccola Pisano,Niccola Pisano,766,780
29,Niccola Pisano,NICCOLA,0,7
29,Niccola Pisano,NICCOLA,37,44
29,Niccola Pisano,Niccola,268,275
29,Niccola Pisano,PISANO,96,102
30,Niccola Pisano,Niccola Pisano,362,376
30,Niccola Pisano,NICCOLA,8,15
30,Niccola Pisano,Niccola,402,409
30,Niccola Pisano,Niccola,1235,1242
30,Niccola Pisano,Niccola,1921,1928
31,Niccola Pisano,NICCOLA,8,15
31,Niccola Pisano,Niccola,230,237
31,Niccola Pisano,Niccola,888,895
31,Niccola Pisano,Niccola,1319,1326
31,Niccola Pisano,Niccola,1977,1984
31,Niccola Pisano,Niccola,2019,2026
32,Niccola Pisano,NICCOLA,8,15
32,Niccola Pisano,Niccola,686,693
32,Niccola Pisano,Niccola,1295,1302
32,Niccola Pisano,Niccola,2073,2080
33,Niccola Pisano,Niccola Pisano,1571,1585
33,Niccola Pisano,NICCOLA,8,15
33,Niccola Pisano,Niccola,543,550
33,Niccola Pisano,Niccola,665,672
33,Niccola Pisano,Niccola,1197,1204
33,Niccola Pisano,Niccola,1687,1694
33,Niccola Pisano,Niccola,2289,2296
34,Niccola Pisano,NICCOLA,8,15
34,Niccola Pisano,Niccola,291,298
34,Niccola Pisano,Niccola,943,950
34,Niccola Pisano,Niccola,964,971
34,Niccola Pisano,Niccola,1962,1969
34,Niccola Pisano,Niccola,2089,2096
35,Niccola Pisano,Niccola Pisano,410,424
35,Niccola Pisano,NICCOLA,8,15
35,Niccola Pisano,Niccola,49,56
35,Niccola Pisano,Niccola,508,515
35,Niccola Pisano,Niccola,1145,1152
35,Niccola Pisano,Niccola,1235,1242
35,Niccola Pisano,Niccola,2111,2118
35,Niccola Pisano,Niccola,2363,2370
36,Niccola Pisano,NICCOLA,8,15
36,Niccola Pisano,Niccola,2071,2078
36,Niccola Pisano,Niccola,2233,2240
36,Niccola Pisano,Pisano,691,697
37,Niccola Pisano,NICCOLA,8,15
37,Niccola Pisano,Niccola,517,524
40,Niccola Pisano,NICCOLA,8,15
40,Niccola Pisano,Niccola,40,47
40,Niccola Pisano,Niccola,312,319
40,Niccola Pisano,Pisano,2060,2066
41,Niccola Pisano,NICCOLA,8,15
43,Niccola Pisano,NICCOLA,8,15
43,Niccola Pisano,Niccola,1386,1393
43,Niccola Pisano,Niccola,1674,1681
43,Niccola Pisano,Niccola,2020,2027
44,Niccola Pisano,NICCOLA,8,15
76,Niccola Pisano,Niccola Pisano,2328,2342
97,Niccola Pisano,Niccola,174,181
97,Niccola Pisano,Niccola,973,980
127,Nino Pisano,Nino,2268,2272
127,Nino Pisano,PISANO,15,21
130,Nino Pisano,Nino Pisano,1506,1517
130,Nino Pisano,Nino,1587,1591
130,Nino Pisano,Nino,2241,2245
130,Nino Pisano,PISANO,15,21
130,Nino Pisano,Pisano,1027,1033
131,Nino Pisano,Nino,92,96
131,Nino Pisano,Nino,417,421
131,Nino Pisano,Nino,695,699
131,Nino Pisano,NINO,803,807
131,Nino Pisano,Nino,1012,1016
131,Nino Pisano,PISANO,15,21
131,Nino Pisano,PISANO,832,838
103,Paolo,Paolo,1065,1070
221,"Perugia, Piero da",Piero da Perugia,897,913
105,Pesarese,Pesarese,1102,1110
103,Pietro,Pietro,1054,1060
105,Pietro Paolo,Pietro Paolo,723,735
130,"Pisano, Tommaso",Tommaso Pisano,1019,1033
130,"Pisano, Tommaso",Tommaso,1209,1216
130,"Pisano, Tommaso",PISANO,15,21
130,"Pisano, Tommaso",Pisano,1511,1517
86,Raffaello Sanzio (or da Urbino),Raffaello,1772,1781
113,"Sanese, Ugolino (Ugolino da Siena)",UGOLINO SANESE,45,59
113,"Sanese, Ugolino (Ugolino da Siena)",Ugolino Sanese,920,934
113,"Sanese, Ugolino (Ugolino da Siena)",Ugolino,1072,1079
113,"Sanese, Ugolino (Ugolino da Siena)",Ugolino,1431,1438
113,"Sanese, Ugolino (Ugolino da Siena)",Ugolino,2402,2409
113,"Siena, Ugolino da (Sanese)",UGOLINO,45,52
113,"Siena, Ugolino da (Sanese)",Ugolino,920,927
113,"Siena, Ugolino da (Sanese)",Ugolino,1072,1079
113,"Siena, Ugolino da (Sanese)",Ugolino,1431,1438
113,"Siena, Ugolino da (Sanese)",Ugolino,2402,2409
113,"Siena, Ugolino da (Sanese)",da Siena,936,944
113,"Siena, Ugolino da (Sanese)",SANESE,53,59
113,"Siena, Ugolino da (Sanese)",Sanese,928,934
193,Sollazzino,Sollazzino,340,350
67,"Spinello, Aretino",Spinello,651,659
109,Stefano,STEFANO,0,7
109,Stefano,STEFANO,35,42
109,Stefano,Stefano,106,113
110,Stefano,STEFANO,8,15
110,Stefano,Stefano,963,970
110,Stefano,Stefano,1881,1888
110,Stefano,Stefano,2202,2209
111,Stefano,STEFANO,8,15
111,Stefano,Stefano,965,972
111,Stefano,Stefano,1901,1908
112,Stefano,STEFANO,8,15
112,Stefano,Stefano,369,376
112,Stefano,Stefano,1692,1699
112,Stefano,Stefano,1991,1998
112,Stefano,Stefano,2047,2054
113,Stefano,STEFANO,8,15
113,Stefano,Stefano,489,496
113,Stefano,Stefano,1034,1041
114,Stefano,STEFANO,8,15
114,Stefano,Stefano,77,84
92,Stefano,Stefano,296,303
203,Stefano,Stefano,1088,1095
203,Stefano,Stefano,1387,1394
204,Stefano,Stefano,111,118
204,Stefano,Stefano,619,626
204,Stefano,Stefano,692,699
221,Stefano da Verona,Stefano da Verona,534,551
51,Tafi,TAFI,15,19
51,Tafi,Tafi,278,282
51,Tafi,Tafi,487,491
51,Tafi,Tafi,1235,1239
203,"Tommaso (or Maso, called Giottino)",TOMMASO,0,7
203,"Tommaso (or Maso, called Giottino)",TOMMASO,33,40
203,"Tommaso (or Maso, called Giottino)",Tommaso,1077,1084
203,"Tommaso (or Maso, called Giottino)",GIOTTINO,16,24
203,"Tommaso (or Maso, called Giottino)",GIOTTINO,49,57
203,"Tommaso (or Maso, called Giottino)",Giottino,1104,1112
203,"Tommaso (or Maso, called Giottino)",Giottino,1547,1555
204,"Tommaso (or Maso, called Giottino)",TOMMASO,8,15
204,"Tommaso (or Maso, called Giottino)",GIOTTINO,24,32
204,"Tommaso (or Maso, called Giottino)",Giottino,641,649
205,"Tommaso (or Maso, called Giottino)",TOMMASO,8,15
205,"Tommaso (or Maso, called Giottino)",Tommaso,956,963
205,"Tommaso (or Maso, called Giottino)",GIOTTINO,24,32
205,"Tommaso (or Maso, called Giottino)",Giottino,1062,1070
205,"Tommaso (or Maso, called Giottino)",Giottino,1499,1507
206,"Tommaso (or Maso, called Giottino)",TOMMASO,8,15
206,"Tommaso (or Maso, called Giottino)",Tommaso,587,594
206,"Tommaso (or Maso, called Giottino)",GIOTTINO,24,32
207,"Tommaso (or Maso, called Giottino)",TOMMASO,8,15
207,"Tommaso (or Maso, called Giottino)",Tommaso,100,107
207,"Tommaso (or Maso, called Giottino)",Tommaso,295,302
207,"Tommaso (or Maso, called Giottino)",GIOTTINO,24,32
207,"Tommaso (or Maso, called Giottino)",GIOTTINO,196,204
207,"Tommaso (or Maso, called Giottino)",Giottino,1747,1755
208,"Tommaso (or Maso, called Giottino)",TOMMASO,8,15
208,"Tommaso (or Maso, called Giottino)",Tommaso,312,319
208,"Tommaso (or Maso, called Giottino)",Tommaso,1846,1853
208,"Tommaso (or Maso, called Giottino)",GIOTTINO,24,32
208,"Tommaso (or Maso, called Giottino)",Giottino,67,75
208,"Tommaso (or Maso, called Giottino)",Giottino,1690,1698
112,"Tommaso (or Maso, called Giottino)",Maso,1612,1616
112,"Tommaso (or Maso, called Giottino)",Giottino,1625,1633
86,"Urbino, Raffaello da (Raffaello Sanzio)",Raffaello da Urbino,1772,1791
31,"Vasari, Giorgio",Giorgio Vasari,1164,1178
39,"Vasari, Giorgio",Giorgio Vasari,37,51
50,Vicino,Vicino,777,783
57,Vicino,Vicino,1982,1988
